userName,score,at,content
TEGAR KBM DONG,1,2024-05-10 14:50:54,Pelajar yg mencari jawaban pertanyaan di persulit gimana cara pelajar buat tau jawaban nya benar apa salah tolong Lah pendidikan itu penting jgn di persulit bagi pelajar untuk mencari ilmu
Kar Sini,1,2024-05-10 10:06:20,Masa aku di telfon terus di suruh bayar 25jt gak manuk akal kan?
Arrafi Lucky,1,2024-05-10 07:26:52,Drill soalnya lemot
Marfen Setiabudi,1,2024-05-10 03:39:13,materi belajar terlalu bertele-tele
Ela Nurlaela,5,2024-05-10 00:18:02,Mantap
Feby Esteria,1,2024-05-09 09:24:07,Ditelepon oleh nomor tak dikenal dari ruangguru
Nichole E,5,2024-05-09 06:42:15,Sangat bermanfaat
Agus Natasya,5,2024-05-09 05:07:46,Agusnatasya
Ira Yuanita Sari,5,2024-05-09 04:42:05,"Assli!!!! Ini apl buat blajarr yg bgsss bangetttt ihhh,,, downloadd sekarng dehhhh ğŸ‘‰ğŸ‘‰ğŸ‘‰ğŸ‘‰ @ruangguru ğŸ‘ˆğŸ‘ˆğŸ‘ˆğŸ‘ˆ"
Marissa Anggia Mointi,5,2024-05-09 02:55:53,bagus banget materinya lengkap terus seru cara belajarnya pokonya membantu banget
Arsyad Fawwaz,5,2024-05-09 01:53:49,bagus
Sasya Monika,5,2024-05-08 22:48:38,ğŸ‘ğŸ‘ğŸ‘ğŸ‘ğŸ‘
Ahmad Fuzari,5,2024-05-08 16:30:56,Mantap banget aplikasinya gue dari rangking 17 dari 25 siswa sekarang menjadi 3 teratas
Raffasya Abiansyah,5,2024-05-08 12:14:43,"Notifikasi barunya bikin kaget terus, notifikasi nya kyk yang lama aja kalau bisa yg bunyinya ""Ruang guru"""
Al Bendung,5,2024-05-08 04:43:07,Karena aplikasi ini membantu saya dalam bhs inggris
Respati Khanza,5,2024-05-08 04:18:36,"Waah aplikasi iniii sangat bagus!!! Dan penjelasannya juga Pahan dari vidionya. Cuman, dari vidionya itu harus bayar ada yang nggak. Kebanyakan yang vidio itu harus bayar. Tapi, dari aplikasinya ini paling bagus Bahkan ada guru les dari ruang guru."
Gan Di,5,2024-05-07 21:01:24,Kurang informatika
EGAN EMPIRE,4,2024-05-07 14:49:40,Bagaaaaaasss bgt dah app ini! LENGKAP BGT LHO! Tapi tolong banyakin sub bab gratisnya donk! Lagi OSN-K IPA nih!
Mahdalena,3,2024-05-07 12:19:35,Sebenarnya bagussih tapi setiap mau kuis harus beli paket jadi gak semangat
Ishlahur Rahmi,5,2024-05-07 12:17:26,"Desainnya bagus, interaktif, kreatif, mudah2an bermanfaat terus buat anak2.."
Abel Muhammad,4,2024-05-07 02:20:04,Baru download ğŸ˜ŠğŸ™
Dens ft (EXP),5,2024-05-06 20:05:06,Saya belajar di aplikasi ruang guru 1 tahun dan aku sekarang pintar dari semua hal
Manik Jr,5,2024-05-06 15:19:29,Karena bisa membuat pr saya nilai 100 kerennbnn
Midha Ridwan,5,2024-05-06 13:29:00,saya pakai aku emak saya saya tuh pas dolnod ruangguru bingungcara pake nya gmn habis itu saya udah ngerti gimana cara pakenya ternyata ruang guru itu menyenangkan danbisa menambah ilmu saya aja masih sd kls 2 saya sangat suka belajar sama ruang guru klau ada pr yang susah saya bisa buka ruang guru pokoknya mantap!saya bisa belajar dan bermain setelah dolnod ruang guru saya jadi bisa bikin pr yang susah menjadi gampang
Mang Dewo,5,2024-05-06 10:04:23,Aplikasinya menyenangkan banget ğŸ¤—
Erwhin Lacm,5,2024-05-06 05:23:35,patran
Muhammad Raditrafif,5,2024-05-06 03:48:47,Bagus sekali untuk anak2 bisa tambah2 Pelajaran ğŸ™ğŸ™
Andri R,5,2024-05-06 02:43:01,"Bagus, rekomendasi buat anak2, pengganti bimbel"
kucing,5,2024-05-06 01:08:24,Sangat bagus
VII._Putri Tasya Nabila_24,5,2024-05-05 15:54:33,mantap
martinus ginting,5,2024-05-05 14:20:51,Anak saya jadi rajin belajar karena seru
Kevin Admiraldi,5,2024-05-05 11:27:55,Bagus
Sri Palupi,5,2024-05-05 09:11:19,Top
Candika Sensei,5,2024-05-05 06:40:32,"Saya sangat suka sekali dengan aplikasi ini sangat membantu untuk mengerjakan tugas dan memahami dari video dari aplikasi ini, hebatt pertama kali cobaa langsung bestt apk luvv"""
Yasmin nuraisyah balqis,5,2024-05-05 04:31:55,Bagus aplikasinya Saya sangat suka sama fitur nya
Mlw Vivo,5,2024-05-05 04:13:43,Bagus
Reza Maulana,1,2024-05-04 12:46:27,"Daftar sekali,no kita di wa sama sales berkali kali"
Aku Kalibaru,5,2024-05-04 09:46:25,Aplikasi ruang Guru sangat bagus sekali
Zahra Davina,5,2024-05-04 06:33:35,sangat bagus sekali
Esmier Ralda,5,2024-05-04 03:40:50,Bagus dan tepay
Adi Suryadi,5,2024-05-03 11:28:20,Sangat membantu
Putri Raja Channel,5,2024-05-03 07:31:55,App ny berguna bgtt ap lg buat nanya soal yg bingung
Reza,1,2024-05-03 07:11:15,"Suka memaksa, seperti maksa untuk chat narahubung, maksa rating. Design nya terlalu rame pusing, kebanyakan fitur yang ga berguna, kalau to di web jadi ga jelas soal sama opsi jawaban dipisah kanan dan kiri ini ga sesuai sama layout utbk, bikin pusing"
Olivia Asih,1,2024-05-03 04:18:03,Ribet
PanggiLsja Endy,5,2024-05-02 12:22:26,Aplikasih ini bagus dan bisah membantu siswa utk belajar
Pipih kuraesin,5,2024-05-02 05:29:40,Wih bagus banget
Winnie Natasha,5,2024-05-02 02:04:24,Out bintang
AZQIA SALSABILA HAIS,1,2024-05-01 17:23:24,"Mau masuk akun, malah hanya ada daftar akun"
Untuk Contohdaftar,2,2024-05-01 13:27:07,Bank soalnya kurang lengkap
Sofyzzz,1,2024-05-01 11:10:16,"sampah, niat mau cari informasi di website ruangguru, setiap scroll muncul iklan mulu, menjengkelkan ğŸ‘ğŸ‘ğŸ‘"
Defin Anbiya,5,2024-05-01 08:03:25,"bagus banget dan benerÂ² bisa gampang paham sama materi pelajaran, banyak soal latihan jugaa, luvv banget sama ruangguru!!"
Nuraini,1,2024-05-01 06:05:24,Saya sudah cari tapi jawaban ya gk ada sumpah jangan download deh auto menyesal
Ulya Ulya,5,2024-04-30 22:24:22,Ruang guru ini sangat bagus
Siti Mrongos,5,2024-04-30 10:04:58,Sekolah
Fitrah Aja,5,2024-04-30 09:49:06,Kk segera dirikan bimbel ruang guru di daerah sungai penuh jambi
Yurnisi ndruru Yurnis,5,2024-04-30 05:52:19,Ini adalah GARAM
Senzhiro Vincenthyo,5,2024-04-29 15:29:27,Apk ini sangat berguna untuk belajar
septi rindaa,5,2024-04-29 14:51:31,Sangat membantu dan I LOVEE THIS APPS!!!!
Dll,1,2024-04-29 13:48:52,Ada beberapa bab yang gak ada. Terutama Pendidikan Pancasila.
Alifah Saskia channel Sitti salmah Alifah,5,2024-04-29 12:07:18,SANGAT MEMBANTU
daudy Wise parhan,5,2024-04-29 12:03:32,Worth itğŸ‘
samidin samidin,5,2024-04-29 09:37:09,Mantap
Arsita Dwi Mulyani,4,2024-04-29 06:44:59,"aplikasi kurang maksimal, banyak erornya. harus tingkatin lagi di pengembangan aplikasi dan web juga."
Marno Ay,5,2024-04-29 06:31:48,Aku suka ruang guru
Galateaa,3,2024-04-29 05:02:54,"Fitur pembelajarannya sudah bagus, cuma saat saya mencoba kirim latihan materi selalu eror, padahal wifi lancar"
Nezuko,5,2024-04-28 16:04:10,"overall good, penjelasan nya yang mudah di pahami,pertayaan yang membuat makin seru"
Suraya,5,2024-04-28 14:57:06,"Bagus dan efektif cocok jadi aplikasi belajar apalagi saya suka bahasa Indonesia, pembahasan nya juga lengkap bangettt."
Riska Atikah Purbadi,3,2024-04-28 13:32:06,kadang opsi jwbnya gak mu cul
Muhammad ikhsan Maulana,5,2024-04-28 13:30:24,Bagus buat belajar
Gading Prasetya,1,2024-04-28 12:46:18,Padahal jaringan nya baik baik saja tapi disitu tertulis error.
Suarni arni Dg Nini,5,2024-04-28 12:04:11,Baru pertama kali menggunakan ruang guru dan sangat bagus tempat utk belajar
Nicolas Winarta,1,2024-04-28 10:57:23,"masa to dah selesai tba2 jawabnny ilang semua, nyita waktu 2 jam sia sia bgt, malah bayar pake koin, rugi waktu tenaga pikiran, sistem jelek, kalau mau to tempat lain aja"
Tania Rambukudu,5,2024-04-28 06:36:08,Bagus banget aplikasinya
Nabila Aina Syarifa,1,2024-04-28 05:46:42,"lag paraah, pas download modul cepat jg g bs dibuka filenya, nyebelin bgt. bikin badmood, padahal uda smangat mo bljr â˜ ï¸â˜ ï¸â˜ ï¸"
Zahara Anggraini 675,2,2024-04-28 05:42:35,Coba drilling soal tapi jawabannya ga muncul sama sekali gimana ni Rg?
Nurul Anggraini,5,2024-04-28 05:03:40,HebatğŸ‘ğŸ»ğŸ‘ğŸ»ğŸ‘ğŸ»
akhmad cahyono,5,2024-04-27 23:19:57,Aplikasi yang sangat bermamfaar
Bara Nur,5,2024-04-27 21:42:43,"Baru mulai menggunakan, khusus materi bagi guru. Sangat membantu bagi guru, khususnya yang ingin mencari metode pembelajaran yang relevan"
Faizfatahilla,5,2024-04-27 09:07:00,Aplikasi ruang guru itu sangat bagus karena pembelajaran yang lengkap dan juga perkembangan proses belajar juga sangat bagus
Ronald Pandapotan,5,2024-04-27 07:44:41,Pemblajaran yang bagus
Ernest Zukri,5,2024-04-27 05:10:49,Bisa bejar dengan baik
Putri Syalonm,5,2024-04-26 10:36:37,sangat berguna
fajar geming,1,2024-04-26 07:04:57,Ngeganggu tiba tiba di telpon gajelas
Novia Dwi sagita,5,2024-04-26 06:34:58,Bagus
Ra Madhan,5,2024-04-26 06:27:01,Aplikasi nya bagus
Suhendi Dude,5,2024-04-26 01:12:11,Udah bagus keren pulağŸ‘ğŸ‘ŒğŸ˜âœ¨âœ¨âœ¨
habibi abdul jalil,5,2024-04-25 14:05:23,mantapppp
Daniel Junius,1,2024-04-25 12:45:23,Kasih bintang 1 dulu soalnya apk nya lagg parah fiturÂ² nya udah ok hanya saja brain academy nya lag parah kadangÂ² suka ngeror sendiri untuk kedepannya mohon diperbaiki ğŸ™ğŸ™
Muhammad Abdullah Ali,5,2024-04-25 12:02:05,Bagus
Lia Mulyani,5,2024-04-25 10:46:16,anak saya rajin belajar
Afika kk fika,5,2024-04-25 08:35:11,Bagus ğŸ‘ğŸ‘ğŸ‘ğŸ‘ğŸ‘ğŸ˜ğŸ˜ğŸ˜ğŸ˜ğŸ˜ŠğŸ˜ŠğŸ˜ŠğŸ˜ŠğŸ˜ŠğŸ’”ğŸ’”ğŸ’”â£ï¸â£ï¸ğŸ’•ğŸ’•ğŸ˜‚â£ï¸ğŸ’”â¤â¤â¤â¤
Sulastri Miskun,5,2024-04-25 08:29:56,Bagus
Nur Huda,5,2024-04-25 07:16:07,Sangat membantu sekali
Mebta Widyaningrum,5,2024-04-25 06:36:48,Sangat membantu dalam belajar
Yuan,3,2024-04-25 04:16:56,"kalo mau drill soal error' terus, udah dilaporin tapi minim tanggapan"
Ainun latifa Ainun,5,2024-04-25 03:37:03,ruang guru mamang debes
Hafiz Abdul,5,2024-04-24 21:27:47,Bagus membantu
Raihan Aji,5,2024-04-24 16:52:17,Aku Belajar Ruangguru Jadi Hafal Pertanyaan nya
Monika Agnes,5,2024-04-24 16:46:28,Bagus sih lumayan seru deh belajar sama ruang guru
Ahmad Reynaldi Maulana Aldi,5,2024-04-24 14:14:08,Bagus banget aplikasi nya buat belajar
Ali Aza,5,2024-04-24 13:34:16,Mudah di mengerti
shana sshera,1,2024-04-24 13:32:02,"no, just no. pertama kali make roboguru plus nya, ngga dijawab sama tutornya, duit sdh dipake Tapi jawaban ngga didapetin, komplain di semua platform nya responnya kurang bgt deh."
Muhamad Faiz,1,2024-04-24 13:03:26,"BANYAK BUG, SOAL TRYOUT GAK MUNCUL PAS DI REFRESH MALAH KELUAR, TRUS KETERANGANNYA 30 SOAL DILEWATI... NGE RUSAK MOOD!!"
Catur Wulan Ningrum,5,2024-04-24 11:13:09,Sangat baik tidak ada iklan bintang 5 deh soal soalnya bikin seru
Araya Bunga,1,2024-04-24 09:24:10,"Lemot, bikin kesel, kalah sm game yg make memo 15gb, aneh internet lancar kok lemot, padahal memo juga masih 12gb, ckkckckck perbaiki lg, ato bisa ku bilang ni apk g 'fine'."
Mulyani Rana,5,2024-04-24 07:03:27,ini game bisa ngilangin gabut juga aku jadi bisa mtk perkalian yanglain pokoknya kalian yang gk download nyesel
anita rizki,5,2024-04-24 04:30:42,Aku suka ruangguru bikin aku pintar
Alya Dwi,2,2024-04-24 02:23:44,seblumnya nih aplikasi bagus sih cuman gak tahu ngapa makin di update mkin ga jelas appnya mlh disuruh buat akun ulang pdhl udh dibikin akun sebelumnya.....
radja marsellenosaputra,5,2024-04-24 00:09:01,Aplkasi yang sangat bagus
Mohammad Jaenuri,5,2024-04-23 19:13:08,menari dan mem perluas pembelajaran
Dvina,5,2024-04-23 13:32:25,"Seru banget untuk di pakai belajar, ga bikin bosen."
restu amalia,5,2024-04-23 13:02:40,Membantu belajar
Haerani HS,5,2024-04-23 11:35:53,"Sangat membantu tapi mohon tambahkan lagi teman belajar seperti, orang utan, dan badak biar tambah semangat"
Afikha Khairani,5,2024-04-23 11:13:42,Betul
Eem Koswara,5,2024-04-23 09:44:14,Luar biasa
iin Hs,5,2024-04-23 05:07:19,Membantu anak saya untuk mendapatkan nilai yang bagus
ratnawati desem,5,2024-04-23 04:26:16,Hehe
fildzah,5,2024-04-23 04:25:21,Terima kasih Ruang guru
Yudha ksks,2,2024-04-23 02:47:30,"Aplikasinya bagus, fiturnya tambahin lagi misalnya ada soal tryout yang tidak jelas bisa dilaporkan. Cuman ada satu hal yg bikin jengkel, kalau kelas offline ada aja MT yang ngajar banyak bercandanya, ngobrol hal yang gajelas out of the topic sampe satu kelas berisik. Alhasil disana belajar sendiri, giliran dia minta dihargain penjelasannya jujur aja, malah bikin gamood belajar. Udah gitu nyindir banget trus bawaannya caper ke satu temen kelas. Gatau jadi omongan MT/engga gw ini tolonglah ngerti"
pais,5,2024-04-22 13:43:06,Mintamaaf bang minta maaf ğŸ˜ƒ
Junior Nio,5,2024-04-22 13:39:11,Terima kasih telah membantu saya agar mudah belajar
Fadli Ayatullah,1,2024-04-22 13:32:19,Lag saat mengerjakan tryout
Rayuda 23,5,2024-04-22 12:29:37,Sangat bagus
Ayu Marina,5,2024-04-22 11:04:36,Bagus sekali.
Saskia Amelia P,2,2024-04-21 23:18:52,"Saat saya ingin scroll riwayat sesi, rasanya sangat sulit. Karena loading dan bug yang membuat saya tidak bisa scroll ke bawah. Saat saya sudah di bagian yang sudah ke load, malah naik lagi ke atas. Mohon segera di perbaiki"
Haekal Permana Jibran (Haekal),1,2024-04-21 15:19:31,"cara buka ruangbelajar d versi terbaru bagaimana, kok tampilannya hilang bikin susah mau belajar"
Yusuf 046,5,2024-04-21 11:12:22,Sgt bagus plis download segara
HafidzAnNaufal Fairoedin,2,2024-04-21 10:06:00,"Enggak rugi berlangganan ruangguru! Materi pembelajarannya mudah dipahami dan sangat interaktif, belajar jadi tidak membosankan. Tapi kenapa jadi susah masuk app nya loading nya juga lama padahal jaringan internet stabil"
Aditya Dzaki,5,2024-04-21 02:51:52,Sangat membantuğŸ‘ŒğŸ‘Œ
Fauzan Surya,5,2024-04-20 12:41:48,Asli keren banget dah kalo belajar pake ini
Yasmin Nisa,5,2024-04-20 10:01:32,Sangat membantu anak dalam belajar
Samsung Flip,4,2024-04-20 07:36:36,Gak suka.banget pas enak enak belajar nonton vidio malah disuruh verifikasi code mulu udah 50 kali verifikasi code padahal
Jeff,5,2024-04-20 04:05:31,"lumayan luas kalau mau belajar utbk, bisa dari dasar dan latihan soal juga tersedia jadi bagusğŸ‘"
Julius Nababan,5,2024-04-20 03:27:53,video yang diberikan sangat baik dan dapat dipahami
Dika Akun ff ke 3,5,2024-04-20 03:22:29,Yey aku jadi bisa semua
Nandhifa Indri,5,2024-04-19 09:18:36,Reme banget belajar di ruang ğŸ‘©â€ğŸ«â€
Morahati Gultom,5,2024-04-19 08:39:33,"Aplikasinya bagussssssssssssss bgt buat belajar, awal belajar dapet gratis tapi skrng malah bayar sedih bgtğŸ¤§"
Andre Bagus Purnama,1,2024-04-19 06:12:05,apalah uda langganan 2 taun terus langganan nya selesai.terus terusan di telfon buat lanjut langganan kaya punya utang pinjol astaghfirullah di telfonin terus mohon untunk ruang guru stop buat spam panggilan dan ngirim di wa ganggu banget ğŸ˜’ğŸ˜’ğŸ˜’ğŸ˜’ğŸ™ğŸ™
Azka Ell,5,2024-04-19 05:34:29,bagus banget ruang guru memudahkan saya untuk belajar
Ifa Fatimah,5,2024-04-19 02:37:21,Terima kasih Ruang guru
Naura Ilmatun Nafiah,1,2024-04-19 01:30:15,Kurang puass sama sistem belajarnya
abdul razak,2,2024-04-18 17:08:59,"ini ruangguru skrg knp dah, pada error semua, countdown snbt harusnya belasan hari jadi 99 hari, menu playlist belajar jg ilang, kacau"
Nur Rahmadhani,5,2024-04-18 13:24:29,Bagus
Samha Saufa,5,2024-04-18 11:05:51,"Ruangguru bikin cepat paham pelajaran di sekolah. Pokoknya , kalau ada pelajaran yang tidak kalian mengerti , tonton aja di ruangguru , dijamin bikin cepat paham"
e - ka,4,2024-04-18 10:11:56,Keren
Rahmat Ramadhan,5,2024-04-18 09:57:51,"Sejak saya menggunakan aplikasi ini alhamdulillah sangat membantu saya dalam mempelajari soal soal yg sulit dikerjakan, dan semoga kedepan menjadi aplikasi bimbel yg memiliki user yg banyak"
Al Syifa,5,2024-04-18 08:34:14,Ruang Guru sangattttf Bagusss
Fikri rhmadan Rhmadan,5,2024-04-18 08:22:23,Bagus aja
Tito Investor,5,2024-04-18 01:46:23,Ayo belajar di ruang guru ğŸ˜
Test Email,5,2024-04-18 00:32:08,Ruangguru kereeen banget ğŸ¥°ğŸ¥°ğŸ¤©ğŸ¤©ğŸ¤©
Eiko Kei,5,2024-04-17 12:20:07,Masih percobaan
Lutfia Amanda,5,2024-04-17 12:05:09,SERUU BANGETT BELAJARNYAAA
ajeng aja,4,2024-04-17 11:24:03,Aplikasi ini membantu sekali untuk belajar MTK dan iPas
Agus Kunadi,1,2024-04-17 09:38:37,ini kurang bagus
Eti Setiawati,4,2024-04-17 09:13:48,Aplikasinya sudah bagus banget namun pas nonton video kalau yg tidak premium cuma 30 detik minimal 1 menitan lah jangan 30 detik doang jadinya tidak paham materi pelajarannya...
rizxijj amaliyah,5,2024-04-17 05:58:18,Aplikasi ini sangat membantu saya untuk belajar di rumah ruang guru semangat ya meningkatkan aplikasinya lagi
Muhamad Sopandi,4,2024-04-17 05:10:33,Menjelaskannya membosankan
Ivan Virmansyah,5,2024-04-17 00:36:57,Terima kasih ruang guru..sangat membantu sekali..sangat recommended deh
err,5,2024-04-16 12:51:10,"sangat membantu dalam proses pembelajaran, pembahasan yang diberikan juga mudah dimengerti. ruang guru benar benar menjadi teman belajar saya semoga dengan adanya ruang guru ini saya dan teman teman sekalian bisa mencapai tujuan yang diinginkan yaa, aamiin."
Clara,5,2024-04-16 10:06:09,Aku habis belajar di ruang guru aku langsung meningkat
Fitri Aqila,4,2024-04-16 08:55:06,Bagus tapi tambah kan Pemainan nya
Muhammad Barkah,3,2024-04-15 16:24:18,Gue ragu sama aplikasi ini kenapa saya bilang ragu karna aku takut apk ini menipu sya kedua kalinya seperti aplikasi belajar yang ada di wepsite google katanya 45 ribu bayarnya kok aku udah donglodw katanya 500 ribu
Advhenita Destriana,5,2024-04-15 15:27:21,ğŸ‘ğŸ»ğŸ‘ğŸ»ğŸ‘ğŸ»
Imbang Romandung,5,2024-04-15 14:11:08,Terimakasih ruang guru karena ada aplikasi ruangguru saya jadi bisa belajar semak simalmungkin dan tidak akan bosan karena banyak fitur fitur yang menyenangkan.sehingga saya semangat untuk belajar di ruang guru Terimakasih ruangguruğŸ˜ŠğŸ˜ŠğŸ˜ŠğŸ¤—ğŸ¤©ğŸ¤©
Gusti Komang,5,2024-04-15 10:20:22,Mantap
Deki Pahlawan,5,2024-04-15 04:48:44,Informatif
Raziq Irsyad,5,2024-04-15 04:07:55,Aplikasinya sangat bagus! Berkat aplikasi ruangguru saya rangking 1
Najwa Nurbaiti,4,2024-04-15 03:56:34,Ruangguru bikin aku makin rajin belajar karena fiturnya yang asik dan vidio yg edukatif.mantab!!
Adhen MirassDM,5,2024-04-15 02:46:40,seru banget ruang guru ini anak saya jadi pintar terimakasih ruang guru
popularjax,5,2024-04-14 17:28:17,"Buka akun lamaku di ruang guru, jadi inget interaksi bareng temen lama pas zaman covid saling kerjasama dan saling support kalau naik level.."
Sakura Aysfa,5,2024-04-14 13:52:41,"Sangat membantu , nilai saya jadi lumayan naik saat saya belajar di ruangguru"
Fatimah Fatimah,5,2024-04-14 13:00:43,Baru nyoba download mudahan bermanfaat
Maestro Edition,5,2024-04-14 08:43:01,Seru dan mudah di pahami
Frilla Erita,5,2024-04-14 06:31:04,Pokoknyaa baguzzzz bngtt sii buat akuu trimkasihh ruang guru doain akuu yaa semoga aku taun ini bisa lulus snbt aamiin....ğŸ™ğŸ˜Š
Rinrin,5,2024-04-14 01:26:54,"Enjoy banget bisa belajar di app ini, thank you Ruangguru!!!ğŸ’"
Atsmaril Fuadi,5,2024-04-13 22:37:44,sangat membantu belajar saya
mahar Dikcot,5,2024-04-13 15:44:28,Bagus untuk belajar di rumah
Joris ata Zega,5,2024-04-13 12:42:33,Sang Bagus ğŸ¥°ğŸ¥°
Ainun Shofia,3,2024-04-13 00:40:33,"Aku ngga punya uang, tapi aku pengen belajar di Ruangguru, eee.. Tolong bisa ngga jangan berbayar ruang gurunyağŸ˜­ğŸ™‚ğŸ˜”"
Ramzy Irfani,2,2024-04-12 08:21:50,"Untuk scrolling soal cerita yang panjang agak susah, isi vidionya bagus tapi simpulan vidionya nggak sesuai ama isi vidio (jarang si sebenarnya, tapi kalau gitu fatal karena yang dicatat kesimpulannya, kalau kesimpulannya salah, tapi isi vidionya benar. Rugi dong), dan bila soalnya memuat gambar agak susah muncul gambarnya"
Fredy Putra Dio,5,2024-04-12 07:48:22,"Gurunya ramah, penjelasanya mudah dimengerti"
Alghifari M.,5,2024-04-12 00:05:25,Good Job
Marie Marylyn Angelica,5,2024-04-11 14:31:13,"Good, bikin mood bljr naik, dan penjelasan nya mudah dipahami"
Amira Nurmeisya,5,2024-04-11 10:43:13,B aja
04. Anggi Lestari Kinasih D.,5,2024-04-11 05:03:33,materi utbk-nya interaktif dan mudah dimengerti. fitur laporan belajar dan review materi juga membantu banget buat tau kekurangan kita dimanağŸ‘
Winnie Natasha,5,2024-04-10 02:41:39,Out
A Something,5,2024-04-09 13:27:13,"Termasuk aplikasi terbaik yang pernah saya unduh; penjelasan menarik, adaptif, dan education consultant-nya pun interaktif dan sangat ramah. Saya sangat terbantu, terimakasih banyakğŸ˜ğŸ‘Œ"
Alicia At,5,2024-04-09 12:48:10,Sangat membantu aku belajar ferry good
Keisha Almeira,5,2024-04-09 10:07:30,bagus bgt aaaa sukak â™¡â™¡â™¡
Nyoman selvi Nandha,5,2024-04-09 08:39:01,Bagus
Sulistia Iklima,5,2024-04-09 05:39:24,terimakasih telah hadir membantu pelajar di Indonesia ğŸ¤ğŸ¤. semoga siapa saja yang terlibat mendapatkan pahala jariyah. aamiin yaa Allaah.
Eka Zera,5,2024-04-08 14:24:27,"Terasa banget premiumnya gak nyesel buat berlangganan, banyak fitur keren dan penjelasannya yang berkualitas"
Fadhlam Khasyah rafid,5,2024-04-08 07:09:48,Bagus cepat memahami pembelajaran dengan mengenakan konsep konsep vidio apalagi ada brand academy jadi bisa berinteraksi dengan ticher ticher dan bisa berkomunikasi dengan teman teman brany academy. Banyak lagi fiturnya di ruang guru ini
Alifia Sekaranti,4,2024-04-08 04:58:38,"pas mau belajar terus masuk ke bab meterinya, loading dulu terus malah balik lagi ke menu awal, ntar dipencet lagi bab yang mau dipelajari ehh keluar lagi, jadi buang waktu, tlonk diperbaiki yhh"
Yeni Mubaroh,5,2024-04-07 22:40:04,Keren
Miranda,1,2024-04-07 16:50:51,Fitur screenshotnya lemot banget
Non Sumiati,5,2024-04-07 14:27:59,Bagus buat belajar
OTNIEL ARIFTOR SILABAN,5,2024-04-07 09:40:41,Aplikasi beljar seru
Skyler Gaming,5,2024-04-07 05:59:18,mantao
Hairul Anam,5,2024-04-07 02:29:34,Sangat luar biasa
Mirda Mariska,5,2024-04-06 13:39:22,Bestt dehh pokokny
Utami Yenisriutami,5,2024-04-06 04:15:25,Baik
Fardan Doang,3,2024-04-05 16:33:00,kalo download materi nya exp + tugas pet nya ga jalan ka padahal uda nonton ber babÂ² offline nya
Bilqis Arindi,5,2024-04-05 10:23:10,Ini sangat menyenangkan dan bisa jadi motivasi untuk belajar yok download sekarang
Dafa Hohame,5,2024-04-05 10:19:24,Nilai MTK gua nambah setelah download ruang guru
Aurelia Tumewu,5,2024-04-05 08:06:13,Sangat bagus aplikasi nya sangat membantu buat saya
Saka Akhsanussiddiqy,5,2024-04-05 05:39:51,Semua lengkap dan di percaya
Bita Putri Naila,4,2024-04-05 04:46:23,BAGUSS CMN SAYANG ERROR KAK HUHUHUHUHUHUHUHUHUHU
Fatmawati Wijaya,1,2024-04-05 03:11:20,"Harga beda, materi tidak sesuai yang di sekolah, live teaching tidak ada jadwal pengganti, sales marketing banyak banget ganggu, asa masalah sama sekali ngak bantu, tidak cocok untuk belajar"
Adila Adila,5,2024-04-04 23:00:39,Aplikasi ini bagus banget bener bener ngebantu sihhğŸ‘ğŸ‘ğŸ‘ğŸ‘
zhurya,5,2024-04-04 22:32:32,ğŸ‘ğŸ»ğŸ‘ğŸ»ğŸ‘ğŸ»ğŸ‘ğŸ»ğŸ‘ğŸ»
Rinn _,5,2024-04-04 13:54:15,keren
Al Baidawi,5,2024-04-04 07:05:27,"Sangat bagus dan keren, harga terjangkau dan bermanfaat"
MUHAMMAD FANNY AKYLLA HUDA IRSYAH,5,2024-04-04 05:34:22,"Kalo kalian mau belajar,, aku saranin ndek sini yahh,,, beneran ngga akan kecewa kok,,, Semangat ğŸ”¥ğŸ”¥"
Aliena Salsabila,1,2024-04-04 04:30:41,"Sayq sangat terganggu oleh spamchat dari pihak ruangguru untuk menawarkan jasa, apalagi hingga menelpon. Itu sangat MENGGANGGU."
intan nuraeni,5,2024-04-04 03:07:26,Bagus banget dan efesien
Rasya Sharani F A,1,2024-04-04 02:43:49,"tolong perbaiki, saya mengerjakan TO UTBK soal dan jawabannya tidak muncul"
Toni Riyanto,3,2024-04-03 22:26:05,"Untuk pelajaran TIK disini kenapa gak ada ya, padahal TIK itu lumayan penting"
zr4,5,2024-04-03 15:25:35,mantap
Ahmad Ahmad prayoga,3,2024-04-03 14:18:13,Bintang tiga bagusğŸ˜Šâ˜º tapi saya tidak punya uang andai ada uangğŸ˜’ğŸ˜¢
Alifah Amelia,5,2024-04-03 13:22:57,"penjelasan lengkap, tapi tolong kak penjelasannya jangan terlalu mutar mutar. untuk drill soal suka sekali bermasalah, soal eror dan tidak keluar atau exp yang sudah diraih malah ga masuk akun, jadi sayang banget udah ngerjain 50an soal malah ga masuk xpnya"
Muhammad Taufik Septiyano,5,2024-04-03 03:42:36,"Ruang guru best deh,kalo ada masalah cepet banget ditanggapi,jd ngak nyesel udah langganan ğŸ˜ğŸ˜"
Ari vernando,5,2024-04-03 01:03:55,"Bagus banget untuk belajar utbk, aku diberi teman aku akun untuk belajar utbk karena dia sudah lulus snbp aku berterimakasih se banyak banyaknya kepada-nya karena penjelasan dan cara cara yang diajarkan oleh ruang guru mudah aku fahami dan semoga aku mendapat skor utbk 700+ di saat utbk nanti di tanggal 30 April 2024, btw nama teman ku Nayla Ramadhani Putri Marly dia diterima di universitas Andalas jurusan keperawatan, semoga segala hal yang dia impikan dipermudah oleh Allah SWT"
Marwinto Sinaga,2,2024-04-02 09:05:14,Bagus sekali
Imel Nptpl,5,2024-04-02 08:53:50,"bagus, sangat membantu dalam pembelajaran saya"
Sevtia Hapsari,1,2024-04-02 00:05:52,Gabisa buat drill soal
Worumy,5,2024-04-01 13:04:16,Pelajaran bahasa ingris kelas 6 SD
Erika Syafitri,5,2024-04-01 12:10:41,"Rekomended bgtt aplikasi satu ini benar"" membantu, dan penjelasannya pun sangat mudah di mengerti"
Amel Sayang,5,2024-04-01 07:47:28,Sangat membantu sekali
YOLANDA TRI MEYLANI YOLANDA,5,2024-04-01 06:25:47,"Sangat membantu bagi para pelajar, penjelasannya benar benar mendetail"
Yurni Yurni,5,2024-04-01 03:41:23,Partner belajar terbaik
Mutia Raye12,5,2024-03-31 12:06:49,Keren
Arda Pakpahan,5,2024-03-31 08:07:06,Ruang guru THE BEST dehh ğŸ‘ğŸ‘
NANDA ALISIA TUZAHRA,5,2024-03-31 06:22:02,Mantap
Vionaa â€¢3â€¢,5,2024-03-31 06:09:35,Sgt bermanfaat
NI LUH SUARTINAH,5,2024-03-31 01:24:55,Bagus ruang gutu
Ady Yasa Zuhri,1,2024-03-30 05:02:20,"agennya nipu, uda langganan 300 ribu buat fokus try out utbk, malah disuruh langganan lagi, buang buang duid gw, uda agennya maksa pas di tanya cuman fokus â€kakak bantu klaimkanâ€ bukannya dijelasin, rugi hgt duid gww, nyesel banget ya Allah"
Arsy HaffafAmara,5,2024-03-30 01:18:52,enak belajar di ruang guru banyak fitur menarik dan kita bisa milih paket sesuai keinginan kita terus video-video nya tuh singkat jadi gak ngebosenin lebih ditingkatkan lagi sih kataku
Naila Sabrina,3,2024-03-29 16:02:50,"Agak aneh apk nya Saya udah try out kuota tryout udah habis ,tapi ga bisa lihat hasil pencapaian aneh kan"
black soul official,5,2024-03-29 02:10:47,Bagus
Kenzie Tama,5,2024-03-28 15:43:55,"UTBK 2022, Sekarang semester 4 di Tekkom Undip"
Vincent Jilivander,1,2024-03-28 14:00:24,Pembelajarannya mudah di mengerti
Sapta Aliansyah putra,1,2024-03-28 10:31:04,Opsi jawaban pada latihan soal tidak terlihat alias kekecilan
Gracyta Istara,5,2024-03-28 10:03:37,Menjadi semangat belajar
jangan lupa 3bnyadek,5,2024-03-28 07:48:04,luar biasa
aditiya fraditta,5,2024-03-28 05:55:46,bagus
Dafa Aditia,5,2024-03-28 01:38:37,"Penjelasan materi yang diberikan sangat mudah dimengerti dan dipahami,mungkin kadang ada kendala di server yg kadang eror,sukses selalu ruang guru"
Rahmawati S Ag,5,2024-03-27 23:48:09,SDN 559 Kamburi II Kecamatan Kamanre Kab Luwu Raya Kota BELOPA ptofensi SULAWESI Selatan
Alif Alfaruqi,5,2024-03-27 14:19:11,Bagus tapi tonton nya bayar semua
dora,2,2024-03-27 12:07:50,ngelag bgt yatuhan
Putra Antok,5,2024-03-27 10:10:24,Sanga bagus ğŸ‘ğŸ‘
Desy Maisaroh,5,2024-03-27 06:34:22,Nama desy Maisyaroh masukan ruwan huru smp batinsolapan
Andriani Siahaan,5,2024-03-27 02:41:11,Aku akan masuk Manajemen UNESA dan lolos UTBK SNBT 2024 Aminnnnn
Kepo Anjing,5,2024-03-26 15:22:31,sangar
Rafa Aqila 11 IPS 4,1,2024-03-26 13:48:44,Saya kasih 1 karena pembahasannya masih amburadul dan salah. Tolong berikan pembahasan yang lebih tepat.
Tarisa Wahyuni,5,2024-03-26 12:00:52,I love you
Zizi Inqi,1,2024-03-26 10:09:58,ga jelas
Arie Purwanti,1,2024-03-26 08:23:34,Ternyata mbayar yah kirain gratis ğŸ˜­
05.8D. Gusti Ayu Cantika Trisna Dewi,5,2024-03-26 04:12:26,BAGUSS BANGETTT-!! MUDAH DIMENGERTIIIğŸ’“ğŸ’“ğŸ’“
Elsa Fadilah,1,2024-03-26 02:53:20,"langganan aplikasi tidak sesuai deskripsi, tidak bisa mengajukan pergantian pembatalan langganan (padahal dari rg nya yang salah)"
Gilang Abdian,3,2024-03-25 18:43:20,Sinyal bagus tapi ngelag banget njir di hp gua
Fakhri Rizky,5,2024-03-25 15:20:12,"Sering ngebug pada menu pembelajaran terdapat tulisan ""sedang terjadi kesalahan sistem"" Dan itu sering sekali bukan karena signal atau kecepatan internet karena sudah di pastikan internet saya kencang, sering terjadi bug seperti ini membuat saya jadi tidak mood, tolong di perbaiki sistem atau servernya"
Delvina Agres Tambunan,5,2024-03-25 14:23:55,Bagus karena guru nya ceria baik dan sabar dalam mengajar walaupun online
Maddolangan Dgbella,5,2024-03-25 13:33:59,Bagus
Video Upin & Ipin,1,2024-03-25 12:13:59,"habis update UI app jadi jelek dan sering ngebug, maaf ak kasi rating 1, ga suka sama UI"
Helventien Harefa,5,2024-03-25 10:49:36,Bagus aplikasinya
Ketut Suladri,5,2024-03-25 09:34:29,Pelajaran lebih lanjut
Zaskia Rista,5,2024-03-25 09:07:13,"Seruuuuu bangettt belajar di ruangguru, selain ada animasi juga ada kuis di tiap video belajarnya, jadi kita bisa lebih paham lagi terkait materi yang sudah diberikan sebelumnya"
Intan Bkl,5,2024-03-25 07:18:53,Ini sangat seruğŸ¤©
NAFISA PUTRI GISWANA,5,2024-03-24 22:43:17,"aplikasi bagus bangetttttt, pokoknya jangan di raguin lagi deh, yuk daftar kan diri mu menjadi murid ruangguru ğŸ˜„"
Dzarin Rizqi A,4,2024-03-24 22:28:24,Lemottt aplikasinya
Meti Mardiana,5,2024-03-24 22:25:34,ğŸ˜ğŸ˜ğŸ˜
FARMA ARDAN D.Y.P.,3,2024-03-24 22:00:38,Mohon untuk memperbaiki fitur drilling soal karena saat saya mengerjakan soal maupun jawaban ngeglitch dan tiba-tiba hilang kalimatnya
Kader Setiawan,1,2024-03-24 21:36:29,"Apalah, Salah satu mata pelajaran gak bisa dibuka gara gara loading terus terusan, sedangkan pelajaran yang lain bisa + wifi aman. Terutama saat Mata Pelajaran Sejarah,Sosiologi dan Geografi. Saya harap pihak Dev bisa mengatasinya"
PPTI 374 Jeremi M. Sibarani,2,2024-03-24 09:22:23,"Drill soalnya ga bisa discroll, jadinya saya ga bisa lihat soalnya. Hanya sebagian teks yg terlihat."
Novi Noviana,5,2024-03-24 07:23:46,Bagus untuk belajar
Tama Andrea,5,2024-03-24 03:34:53,Bagus
Griya Lestari,5,2024-03-24 00:24:40,Sumpah bagus banget!!! Kalian wajib download yaa... Pokoknya bgus deh apk ruang guru ini
When I See,5,2024-03-23 05:47:05,Gacorrr
Alma Hira,5,2024-03-23 04:01:52,"Aplikasi nya bagus banget buat belajar kita bisa lebih cepet paham dan materinya lengkap mulai sd, smp, sma, dan smk"
Nelson Collin,1,2024-03-23 02:07:29,Kalo mau belajar gk bisa dilock
Sar Jono,5,2024-03-23 02:00:29,Aplikasinya bagus
ilham hanafi,4,2024-03-23 00:56:20,Kok gak bisa masuk sih tolong perbaikinya
Fransiskus Aja,1,2024-03-22 23:40:48,Koq kuis di konsep kilaat gk bisa dibuka? Padahal uda berlangganan loh Bru 3x pemakaian. Solusinya gimana?
safira bela,5,2024-03-22 14:02:29,bagus
Hasna Faucha Aqiela,3,2024-03-22 07:42:45,"Cuma bisa kasih bintang 3 soalnya masih ada yang kurang, dari aplikasi nya masih suka lemot walaupun hp nya tidak ada masalah, kalau misal habis liat video trus lanjut ngerjain kuis itu tidak bisa langsung ke kuis nya, nunggu dulu. Kan ngeselin kalo lagi buruÂ² Trus dari pelajaran, memang bagus bgt sih itu penjelasan nya tapi sayangnya disini masih belum apa pelajaran pjok atau olahraga ya,,, sisa nya udah bagus sih ğŸ‘"
Juana Herna,5,2024-03-22 06:56:13,Mantap
Betrik Bta,5,2024-03-22 04:42:14,Aplikasinya bagus
wima handika nugaraha,5,2024-03-22 03:10:48,Seru banget balajar di ruang guru
Pak Muhsin,1,2024-03-21 18:05:37,"Kecepatan 22 Mbps, tapi gak bisa klaim voucher, udah 5 menitan muterÂ² aja. Untung belum terlanjur langganan."
Bilqis Kaya,5,2024-03-21 14:17:56,Aplikasi ini bagus banget untuk aku
Paula Manaruri,5,2024-03-21 13:19:15,OkeğŸ¥°ğŸ¥°
Yustinus Alexsander,5,2024-03-21 11:57:55,Aplikasi ini sangat bagus kalau penjelsanya lengkap banget langsung ngerti
ax el,5,2024-03-21 11:25:29,Gara Gara ini IQ KU NAIKğŸ˜ğŸ‘
Adry Daea,5,2024-03-21 08:11:57,Sangat membantu
Olinda Fitri,1,2024-03-21 07:55:07,Halo perkenalkan nama ku olinda awalnya aku kira bagus aplikasi nya ternyata apa an gak sama sekali bagus aku udah susah payah nulis jawaban eee gak di jawab terus juga aku pakai robo guru sama juga gak ada sama sekali sesuai dengan pertanyaan ku kok gitu sih ruang guru bikin aplikasi kok gak sama sekali bagus aku kecewa banget pokok nya ğŸ˜”ğŸ˜”ğŸ˜”ğŸ˜”â˜¹ï¸â˜¹ï¸
Fernando Ozora,3,2024-03-20 20:36:02,"Menurut saya dulunya ini aplikasi yang bagus, sekarang saya menyesal karena perpanjang paket dan semenjak itu juga ruang guru saya ngebug trs latihaj soal soal nya kalau gak ilang salah satu atau 2 opsi jawaban hilang di update bukanya makin bagus malah makin jelek"
Adinda Ramdhani,1,2024-03-20 12:53:50,Kok enggak bisa di donlowat udah 5Ã— aku donlowat tapi tetap enggak bisa tolong ya di perbaiki nanti kalo udah aku kasi rentng 5deh
RajaSomba20,5,2024-03-20 08:02:05,"Bagus bgttt, aku suka dan bisa menambah ilmu lebih luas, aku yg belum paham bgt dgn pecahan campuran skrg jadi bisaa"
Karunia Jaya,5,2024-03-20 07:07:33,Ini aplikasi sangat membantu untuk saya Saya yang belajar paket b begitu bingung mau ngapain. Untung ada aplikasi ini Dan saya bisa belajar banyak hal
Murdi Murdi,5,2024-03-20 06:48:16,Applikasi ini bagus baget cocoÂ² yang udah mendaftar ruang guru by ruang guru
Abdurrahman Rasyid Hadi,4,2024-03-20 05:55:57,"Bagus sih,cuman setiap kali aku masuk ke aplikasinya harus lengkapin data sekolahku,padahal sudah aku lengkapin setelah aku login. Tolong diperbaiki yağŸ™ğŸ˜Š."
Diva Zuhbatul Nabila,5,2024-03-20 05:01:25,Mudah dimengerti
YULI,5,2024-03-20 04:59:42,Aplikasinya sangat bagus memudahkan untuk belajar
Willy Sulaiman,5,2024-03-20 04:36:52,Mantep nih Aplikasi.. Ny. Tapi tolong dong ini guru ny bener guru apa g ya
Jimmi Suryadi,1,2024-03-20 03:28:51,Rabig
Najwa Wa,5,2024-03-20 02:05:39,Good banget
Hengki IrawanHi8080,5,2024-03-20 01:41:28,Top
Azka Auliya Nurazizah,5,2024-03-20 00:13:45,"Ruangguru bantu banget belajar akuu duendhsjsj, suka banget dehğŸ penjelasan nya gk belibet dan aku bisa langsung ngerti hee, apalagi pake Adapto"
Sausan Kamilah,1,2024-03-19 17:00:20,Mls ga ngerti pusing ngantuk nonton videonya nangis cape malas ğŸ˜ªğŸ˜ªğŸ˜ªğŸ˜ªğŸ˜ª
Susanti santi,5,2024-03-19 15:49:15,Bisa mudah mengerjakan mtk
ALISYA KAYLA PUTRI BAIHAQI04,1,2024-03-19 09:09:13,makin kesinii makin sering keluar sendiri jujur sedih ğŸ˜­ğŸ˜­
Siti andira Kinaya,5,2024-03-19 06:07:35,sangat bagus
Revandi Febrian Artaneza,2,2024-03-19 06:01:45,"Kekurangan apk ini adalah tidak ada nya premium. contoh Rp 7,000 3 hari menonton video jadi nya enak belajar nya tidak kemahalan karena beberapa anak ingin belajar lebih mudah"
Amarayneta Amarayneta,5,2024-03-18 20:43:00,Ruang guru sangat bagus saya bisa mendapatkan soalnya dari ruang guru
Ibu Eti Gusnita,1,2024-03-18 15:32:10,Harus bayar aku pertama mau nonton pelajaran tapi di stop adehhÄ¥hh bagiku gak seru belajar dengan aplikasi ini
Marion Jordan,5,2024-03-18 13:01:49,Appnya bagus
mina octaviana62,3,2024-03-18 11:10:21,"buatlah semua mapel ada rangkuman, jangan hanya beberapa, itu membuatku kesulitan"
Samsung A14,5,2024-03-18 10:44:06,Bagus banget bisa belajar nihh aku sangat luar biasa
06 - Ariyani H.,2,2024-03-18 09:32:11,"Gabisa download di pc, payah bgt ğŸ‘ğŸ»ğŸ‘ğŸ»"
siti lestari,5,2024-03-18 07:57:19,Bagus banget aplikasinya ğŸ‘ anak saya jadi ketagihan terus buka ruang guru makasih banyak sudah menciptakan aplikasi untuk belajar menjadi lebih seru
Melani Kresna,5,2024-03-18 01:24:41,sangat membantu
Mughni Anwar,5,2024-03-17 14:52:55,Sangat membantu sekali
SHS GAMEZONE,5,2024-03-17 08:38:20,Ok gasss
AfifahAzuraAdwaVardha,3,2024-03-17 06:25:27,"Bagus sih ,tapi kurang PAI itu kan pelajaran juga tapi kok g ada?"
I made Oka adnyana,1,2024-03-17 03:30:30,Aplikasi jelek
Elisa Imanuella,4,2024-03-16 13:11:22,"Entah kenapa semenjak tampilan drill soal diperbaharui, sistemnya sering nge-lag, soal gak muncul atau pilgan gak lengkap. Pembahasan jg gak bisa digeser ke kanan jadi gak bisa lihat"
Liya Lisa,5,2024-03-16 11:51:16,Pengalaman
Jantan Perkasa,5,2024-03-16 10:09:15,bisa belajar
Marsel Agustia,5,2024-03-16 08:56:32,Support ğŸ‘ğŸ‘ğŸ‘ğŸ’‹ğŸ’‹ğŸ’‹ğŸ’‹ğŸ’‹ğŸ’‹
Lattenim Latte,1,2024-03-16 08:55:39,Soal tidak muncul dan tulisan soal malah dibagian lain jawaban(?)mentang mentang drill soal gue gratis kali yak hahah
Farhan Rizki Romadhoni,5,2024-03-16 08:53:28,Worth it karena terdapat pembahasan soalnya
Milca Amaira,4,2024-03-16 05:56:08,"bagus !! Animasi dafa lulu seru bangeet , tapi sayang nya banyak yg berbayar.Jadi susah kalo mau belajar apalagi yg kelas VI tentang pubertas hadeuh BAYAR SEMUAAAAA !! pls banyakkin yg gratis!!banyak yang ga mampu lohh :(("
Cahya Helmy,5,2024-03-16 03:34:23,Sangat bagus
Natasya Vita,5,2024-03-15 15:00:59,Kece abiss siihh aplikasinya..
Ghina Shamira,3,2024-03-15 13:08:17,"Sebenarnya sudah cukup bagus, tapi kenapa ya ketika saya ingin mengerjakan soal, pertanyaan dan jawabannya itu tidak muncul??"
Yatisana Siloto,5,2024-03-15 10:43:41,Baik untuk ruang belajar(â ^â ^â )(â Tâ Tâ )
Syasya Azzahra Leviana,5,2024-03-15 07:42:33,Sekarang malah sering error apa lagi kalo pake ipad
Al Farouqi,2,2024-03-15 00:13:07,Sistemnya error
Sekolah Moba,1,2024-03-14 21:50:48,"Dari segi fitur lengkap banget, tapi dalam penyajian materi terbelit2 bikin ngantuk, adapto lumayan sih langsung ke intinya tapi dari segi penyampaian materi kalah telak sama tutor2 zenius."
Bidan_ Siti Hilmia,5,2024-03-14 14:47:44,"Pembelajaran mudah di pahami, kelas online nya sangat lengkap tidak sia-sia jika ambil paket bimbel disini, materi semuanya keluar tertata dengan rapih"
Mohamad Asmar,5,2024-03-14 14:13:17,"App nya bagus,pembelajaran nya juga sangat Mudah dan cepat tanggap Gak nyesel pokonya pake app ini"
Cmw Liaa,4,2024-03-14 13:45:02,Bagus
wanda frieskha,5,2024-03-14 12:54:54,Bagus
Ayee Sa,5,2024-03-14 08:08:08,Bagus
Farel Pager,2,2024-03-14 02:41:23,Apa kah aplikasi ini tidak ada fitur ai nya gitu dasar brong tapi ya lumayan lah saya harap ada fitur ai nya supaya bisa Nanya sepuasnya
Jonly Kapoh,5,2024-03-13 15:35:48,Aplikasi yang sangat membantu untuk kami para orang tua yang tidak sempat menemani belajar anak-anak dirumah...Biaya juga sangat ramah dikantong.
Musdalifah Musdalifah,1,2024-03-13 14:12:12,Gak mau gua kalo aplikasi berbayar gini udah gajelas malah bayar nya mahal semua aah bosen ahhh malem2 suka spam telepon dan chet gausah gitu lah suka harus lanjut langganan anda goklok jadi jangan spam lagi ya aku bosen banget
Nila Kamalia,5,2024-03-13 12:08:24,Semoga aku bisa pitara
22_Najwa Aulia Jasmin (Jasmin),4,2024-03-13 08:04:49,"So far dari materi sama penjelasan udah lengkap banget. Tapi ada satu hal yang bikin gemes, pas mau nonton video materi mesti ga bisa, ngeload terus akhir akhir ini. Udah diupdate tp ttp aja ga bisa. Padahal koneksi lancar bgt buat sosmed dll bisa, tapi cuman di rg yang lemot bgt. Plis tolong, udah langganan buat 2 tahun kedepan, jadi sia sia mbayarnya huhu dan ganggu banget pas mau belajar jadi ngurungin niat keburu males duluan :("
Dzaky Naufal,2,2024-03-13 05:18:16,Lambat mau mau nya tolong dipercepat yah
Rindi,5,2024-03-12 22:42:41,"fitur drill nya nge bug, tolong diperbaiki, setiap saya menggunakan fitur drill, beberapa jawaban selalu tidak muncul, sehingga tidak bisa memilih jawaban yang benar, dan tampilannya sering bug"
Petrus Satria,5,2024-03-12 08:34:10,Kurang Satu
Iqbal Rowo,3,2024-03-12 05:54:27,Kenapa loading terus saat memutar video
Sabam Purba,4,2024-03-12 04:44:52,Semoga bermanfaat bagi kalian yang udah donwload ruang guru
smile,5,2024-03-12 03:30:15,Sangat bagus belajar disini
Mackenzie Chuanata,5,2024-03-12 02:58:12,Bagus banget
xiaomi aja,5,2024-03-12 02:18:09,Aplikasi Terbaik Untuk Membimbing Anak Anak Saya Ucapkan Terimakasih Pada Ruangguru
Barbalina Rumahlatu,5,2024-03-11 10:25:29,Aplikasi ini bisa membuat saya menjadi pintar
Moel Yana,1,2024-03-11 08:00:45,Kok jadi egga bisa
Zety Zaskia Bayanudin,5,2024-03-10 15:06:27,my hero! ğŸ«¶ğŸ»
Asma Yusuf,5,2024-03-10 14:37:13,Saya sangat senang belajar diruangguru.kaya bermain game. Pokoknya enak banget
Ananda Rakha Putra,5,2024-03-10 10:49:31,Tampilan atau UI-nya sangat user friendly. Video penjelasan sangat mudah dipahami. Overall mantap sih ğŸ™
Englien Kakomore,1,2024-03-10 02:10:53,"Katanya gratis pas udh download mlh di suruh bayar, pake nelpon segala lagiğŸ˜’,trus disuruh bayar ,penipuğŸ˜ğŸ‘ğŸ»ğŸ–•ğŸ»ğŸ–•ğŸ»ğŸ–•ğŸ»ğŸ–•ğŸ»ğŸ–•ğŸ»ğŸ–•ğŸ»ğŸ–•ğŸ»ğŸ–•ğŸ»ğŸ–•ğŸ»penipuğŸ–•ğŸ»ğŸ–•ğŸ»ğŸ–•ğŸ»ğŸ–•ğŸ»ğŸ–•ğŸ» Mudah-mudahan usaha kalian bangkrut ğŸ˜ Amin ğŸ™"
Mirza Putri,4,2024-03-10 02:08:10,Sekarang kasi ranting 4 dulu sementara karena belum tau cara pakeknya
Lunan Lay,5,2024-03-09 23:30:46,Alhamdulillah ruang guru sangat mudah dan cermat
Fabian Abhista Priya,5,2024-03-09 14:00:10,"Mantap, aplikasi nya ngedukung anak buat belajar.., dan materi nya jelas dan dapat di pahami..terima kasih ruang guru ğŸ¤—ğŸ˜‡"
Angnes Nes,5,2024-03-09 12:49:41,Aplikasi nya bikin aku jadi pintar semua biasa di mengerti aku jadi bisa ngerjain semuan nya aku kasi bintang 5 ya kak
Akira Rafika,5,2024-03-09 10:26:58,"Suka banget sama video pembelajaran yang menarik, master teacher nya juga seru2 dan ga pernah ngebosenin, nyesek baru nyoba sekarang!, dan aku jadi rajin belajar karna ga mau nyia-nyiain kesempatan langganan aku, saran sama masukannya, tolong tambahin pelajaran kewirausahaan dong kak! Dan aku pengen di ruang guru di tambahin fitur flash card kak! Biar belajar tambah seru, karna metode belajar flash card efektif banget loh"
Rara 7890,5,2024-03-09 09:44:56,Bagus sekali
Ahmad Haidar,5,2024-03-09 09:33:56,"aplikasinya ruangguru bagus, sangat interaktif, banyak sekali perkembangannnya, apalagi fitur fiturnya, saya suka sekali sama fitur ""konsep kilat"", dimana fitur ini ngebantu saya jika disuruh membuat catatan, dikarenakan isi materi di konsep kilat sudah di ringkas supaya mudah dipahami oleh pelajar, terimakasih ruangguru !"
Jeje Sahab,5,2024-03-09 07:49:11,"Aplikasi belajar yg bagus,vidio pembelajaran mudah dimengerti dan Harga terjangkau ,pokoknya bagus aplikasinya ğŸ‘ğŸ‘"
Celsi Mimat,5,2024-03-09 06:17:37,Bagus
Brian Yefta,1,2024-03-09 03:11:37,To nya g ada soal sama jawabanya padahal udah beli yg premium
#Budi Mebel YouTube #,5,2024-03-08 15:48:33,Kodeator
Denis. 11,4,2024-03-08 15:06:24,"Menurut saya penjelasan nya bagus untuk yang konten Indonesia, tapi untuk konten bahasa Inggrisnya menurut saya kurang. Dari tonasi dll nya masih agak kurang penyampaian nya terdengar flat dan kurang aja si menurut saya"
Ais yah,4,2024-03-08 13:53:52,Sangat membantu
Dede Sunarya,2,2024-03-08 12:54:32,kenapa saya tidak bs mendounlod ruang guru ya saya sudah cba berÃ— kali ?
Nurlettearil Kebuncenkeh123,4,2024-03-08 10:40:45,Bagus saya suka memakai rungguru
Azkayra H.y.a,5,2024-03-08 08:47:37,Sangat tepat belajatlr fisini
Intan n,5,2024-03-08 07:35:22,"ngebantu belajar bnget sii, fiturnya ga pelit aseliğŸ‘sepadan juga sama harganya wkwk"
Zyka Ka,5,2024-03-08 05:26:50,Wah terimakasih ya ruang guru telah membantu saya mengerjakan soal dan pr saya saya sukaa sekaliiğŸ˜ğŸ˜ğŸ‰ğŸŠğŸŠğŸŠğŸ¥°ğŸ¥°ğŸ’…ğŸ»ğŸ’™ğŸ’™â¤â¤
Kayla Sqila,5,2024-03-08 04:10:18,"detail banget belajarnya, mudah di tangkep ke otak, jujur ya aku baru 2 hari belajar MTK sama tentang perekonomian langsung paham pembelajarannya. terus di selipin juga soal pemantik biar kita beneran ga ni menangkap materi nya(menurutku). dan bagus nya juga ruangguru tuh dia apk nya nyaman di gunain, ga ribet juga. keren deh, btw SUKSES TERUS RUANGGURU!!!"
YOSUA ALBERT MARTUA TAMBUNAN,2,2024-03-08 00:28:40,"Fitur Drill soal tolong diperbaiki, pilihan ganda selalu hilang bahkan terkadang yang hilang soalnya, saya kerjain apa jadinyağŸ¤·"
Zaqky Bisma Nugroho,1,2024-03-07 16:19:18,Minta tolong dong kalo malem jangan ada lag terus setiap malem pasti ada gangguan membuat tidak nyaman
Arini Ramadhanti,3,2024-03-07 15:30:03,Kak kenapa kok pas kirim chat WA ke ruang guru itu lama sekali ya di balesnyağŸ™
Studih_idih hh,1,2024-03-07 13:42:39,"Kesel banget udah berhari hari gabisa memuat videonya, padahal jaringan udah kenceng bgt, tolong diperbaiki, saya langganan ruangguru udah lama padahal, jadi sedikit kecewa"
Sri Madhina,5,2024-03-07 13:15:39,aplikasi ini sangat membantu! thank a lot ruangguruğŸ‘ğŸ¼
Maryati 123,5,2024-03-07 08:24:27,Bagus sekalin anak saya jadi ringking 1 nice
Salmiah idr,1,2024-03-07 06:45:05,Jelek masa harus berlangganan buat liat Vidio lengkap nya
saaih hailntar Firmansyah,5,2024-03-07 04:11:02,Out
Dianerpalina,5,2024-03-06 22:47:48,Mudah dimengerti
Zakariya,5,2024-03-06 18:32:20,"Aplikasi belajar terbaik, ini sangat bagus buat kita bisa belajar kapan saja dan dimana saja,dan penjelasan nya sangat mudah di mengerti dan dipahami, dan biaya nya pun bisa di jangkau setara dengan ilmu yang kita dapat. ğŸ‘ğŸ‘"
XÃ_ FÃ…ÃšZÃ,1,2024-03-06 17:53:16,Ngelag banget padahal ada jaringan tapi kendala terus aplikasinya
Fuad _92,5,2024-03-06 13:35:46,The service was good
Zaskia Permadani,5,2024-03-06 12:46:53,Bagus bangettt ruang guru nya untung ada ruang guru jadi kalo ada pr atau soal yang susah jadi bisa ke aplikasi ruang guru dehh mantappğŸ–’ğŸ–’ğŸ‘ğŸ‘
Pahala Hasibuan,5,2024-03-06 08:35:50,Bermanfaat bagi guru dan murid agar makin memahami
Anindya,2,2024-03-06 07:39:54,"Ailafyu ruang guru, tpi pls berhenti spam nomer wa ku dngn diskon penawaran dll ğŸ«¶ğŸ«¶ğŸ«¶"
Diana Rahayu Anggraeni,1,2024-03-06 06:05:44,Kak ini video ruang belajar buat semua mapel masih nggak bisa diputar kak tolong diperbaiki lagi
Joko Widodo,5,2024-03-05 22:32:21,Bagus banget
Ardhi,3,2024-03-05 13:45:17,"Kebanyakan update yang ga penting, sekarang mau buka ruangbelajar sering banget ngestuck loading, mending optimasi di bagian yang penting aja"
ghaisan damia,1,2024-03-05 13:40:08,Banyak bug dikarenakan sistem katanya soalnya pakai wifi yg 100 Mbps masih bermasalah video nya gak bisa ditonton dan biasa nya tiba tiba video nya seperti belum langganan cuman bisa 1 bab mohon cepat di benarkan
Khatim Mudzanah Widya,1,2024-03-05 13:33:27,"Apa sih masalah mu, kenapa mau dibuka ngak ada satupun materi yang muncul padahal udah bayar mahal-mahal.. Kenapa aplikasinya makin jelek sih, ngak guna banget yang ngurus bagian sistem dan IT nya"
opo true,5,2024-03-05 13:26:25,"Aplikasi yg sangat bagus, mempermudah siswa belajar dan membuat belajar pun lebih menyenangkan, semoga ruangguru dapat terus berkembang dan mendidik murid lainnya dengan menyenangkan jugağŸ™"
Abiyyu Aja,1,2024-03-05 13:09:09,Server lemot
AHENG NAZARIUS,5,2024-03-05 13:05:42,Sangat membantuku untuk belajar sekarang gak se lag dulu
MFMS 48,1,2024-03-05 12:58:35,"Woy, sudah berlangganan mahal-mahal, ketika di pake malah terdapat jaringan bermasalah padahal sudah di cek hasilnya 24 Mbps. Sudah ditanyakan lewat aplikasinya langsung tidak di respon. Maunya apa ini!!"
Hanifah,5,2024-03-05 12:32:01,kak aku mau belajar tapi leg banget pas buka ruangguru tapi buka apk lain lancar
Sello Ganteng,5,2024-03-05 10:50:36,Aku jadi mudah untuk mengerjakan tugas
Naila Wafida,1,2024-03-05 08:04:29,Tidak ada jawaban dan soalnya ini aplikasi apaan mending jangan di donglot deh nnti nyesal
Agus Ifan,5,2024-03-05 00:34:44,Bagus karena Ap ini gratis
Ardi,5,2024-03-04 21:03:51,Bagus banget pokoknya
Satria Desfian,5,2024-03-04 16:57:57,Apk nya mantap kali
Rita Zaini,5,2024-03-04 14:15:39,I REALLY REALLY LOVEEE UU RG!!!!
MUTIAH MIFTAHUL JANNAH,1,2024-03-04 12:11:54,aplikasi nya sering error ğŸ¥²ğŸ¥²ğŸ¥²ğŸ¥²
Suka Mamah Muda,1,2024-03-04 11:01:07,Ngelag coy
Sudrajat T,5,2024-03-04 10:17:33,Bagus
Mulyadi Jamil,5,2024-03-04 09:35:36,Aplikasi nya seru dan bikin paham!
Triasdevi Larasati,5,2024-03-04 08:24:55,"Ini aplikasi baguss!!ğŸ˜ Bagi yang mau pinter dan ingin mencari tau, mending kesini dehğŸ‘‰ğŸ“±ğŸ˜"
Zaskia Naomi,5,2024-03-04 05:10:20,Alhamdulillah sejauhh ini gda problem klo mau belajar ğŸ‘ğŸ»â­
Putri Putri,5,2024-03-04 04:34:37,Bagus banget
Jubel Panjaitan,3,2024-03-04 02:58:59,Mungkin membantu
Maiza Maiza,5,2024-03-03 14:20:16,"Aku suka! Penjelasannya sangat mudah untuk dipahami, Dan ada juga latihan atau quiz saat selesai nonton video nya jadi suka belajar dehh!! ğŸ’“"
Felix,5,2024-03-03 13:27:16,baru nyoba
reyz Niceee,5,2024-03-03 13:20:25,Bagus
Sayyid arif,5,2024-03-03 12:53:31,Bagus
Kaubau Kambing,5,2024-03-03 12:48:03,Mantap
Rukinah 123,5,2024-03-03 11:18:43,Bagus
Aqlan Hanafi Idris,1,2024-03-03 09:24:29,"ga jelas masa udh langganan 3 tahun jaringan baik"" saja lancar tidak ada masalah sudah update tetapi tidak bisa menonton vidio belajar hanya ada tulisan"" Gagal memuat vidio"" yuk coba lagi sudah berhari hari bug masalah jaringan seperti ini padahal saya mau belajar untuk ujian asts ğŸ‘ğŸ‘ğŸ‘ğŸ‘ğŸ™ğŸ˜ªğŸ˜ªğŸ˜ª"
Radyah,5,2024-03-03 08:01:58,bagus buat belajar
guwita atlhari,5,2024-03-03 01:35:12,Sangat berkelas aplikasi belajar dengan mudah dan cepat di pelajari.
Yusitifa Craft,5,2024-03-02 22:40:12,Bgs.
Naufal Fauzan,5,2024-03-02 12:45:37,ğŸ‘
Bambang Wijaya,5,2024-03-02 09:36:32,Ok
Tita Sri,1,2024-03-02 07:46:21,Ini gimana sih padahal udah beli paket lama banget kesel tolong di perbaiki ğŸ™ğŸ™ğŸ™ğŸ™
Diana Natalia Tnunay,5,2024-03-02 04:36:20,"Belajar di Ruang kita,,membuat kita jadi yang tidak tau menjadi tau,,ğŸ’ªğŸ’ªğŸ’ªğŸ¥°ğŸ¥°"
Arina Rrq01,5,2024-03-02 04:01:03,Aku suka bgt sama ruang guru ini karena dari sini aku bisa pinter makasih ğŸ˜˜ruang guru
Nesaaleeza Collection,3,2024-03-02 01:17:19,"Aplikasinya bagus tapi lama pendaftarannya tolong dong harus memasukan nomor telepon, lah nama sekolah"
Feronicha 05,4,2024-03-01 23:34:22,Bagus sekali buat anak sekolah
Agus Wedi,5,2024-03-01 14:59:28,"mudahh di pengertiii,wajib download siii,dari tugass yang sulitt menjadi mudahh"
Zahra,5,2024-03-01 14:32:57,Bagus sih reting 5
Syakila Aprilia,5,2024-03-01 14:29:33,aku sih kurang ngerti tpi bagus
melonn,5,2024-03-01 10:52:54,"Pemberian materi dari semua pelajaran yang ada sudah benar dan baik, namun kalau memilih gambar yang jelas, jangan bisa pusing"
wulan dad,5,2024-03-01 06:57:46,Semoga Di Percepatkan Ya Aku Ingin Memain nya Playstore
Naylarama Rama,5,2024-03-01 05:31:05,Sangat baikk
Satiman Aris,5,2024-02-29 22:16:36,Ok sangat membantu
Pori Pori,1,2024-02-29 17:55:55,Iklan nya ngagetin
Amelia Hanoen,5,2024-02-29 13:52:20,Bagus
R V S D,5,2024-02-29 11:24:47,bakal balik lagi kesini kalo lulus snbt april 2024
Danish Irawan,4,2024-02-29 09:17:12,NGELAG MULU CHAT KADANG GABISA VIDEO BUFFERIBNG DAN MASUK RUANGGURUNYA LAMA BANGET
Boni tambunan Tambunan,5,2024-02-28 08:21:32,Ini sangat membantu saya dalam belajar
waodeannisa ismail,5,2024-02-28 07:19:45,Saya suka ğŸ˜
Calvin Sitanggang,3,2024-02-27 18:20:42,Apakah ruang guru bisa untuk anak kuliah? Khususnya saya sedang kuliah S1 teknik mesin
Gina Aulia,4,2024-02-27 12:57:02,HahağŸ¤£ğŸ¤£
Fitria Raputri,1,2024-02-27 12:43:28,"aplikasinya jelek!, jawaban dan soal tidak muncul-muncul"
angki timika,1,2024-02-27 12:04:41,Keren
Ratna Widayu,5,2024-02-27 11:31:21,"Terimakasih, sangat bermanfaat untuk belajar dengan cara menyenangkan."
Nazwah Nysa Andjani,5,2024-02-27 11:07:39,"Haloo Semenjak aku belajar dan berlangganan diruangguru ini aku semakin dengan mudah cepat memahami materi yang disampaikan. Aku suka fitur video yang sangat menarik dan juga penjelasan yang jelas, terperinci dan aku ga bosen buat nonton ulang video nya."
Dheva Dika Arfan,5,2024-02-27 10:28:53,Membantu
Fadilah Anbiya,5,2024-02-27 07:47:37,Aku jadi pinterğŸ—¿ğŸ¤˜
Naifa Cahya,1,2024-02-26 14:17:04,"ngelag banget sih aplikasinya, sering error' juga, g jls bgt"
Raefa ammaliar,5,2024-02-26 13:53:13,Baguz
Die Abdi,4,2024-02-26 12:03:41,Karena saya bisa dapat rengking bagus karena belajar di ruang guru
Jimmy Irsa Valentino,2,2024-02-26 11:41:33,"kenapa botnya jadi berbayar dah, gabisa ngobrol lagi deh"
qila Ila,5,2024-02-26 10:58:10,Sangat bagus untuk anak-Anak
hapiz Albaehaki,2,2024-02-26 09:21:19,Aku smp kk
Fransisca Fradelia,5,2024-02-25 21:04:50,"bagus sekali. Tapi sayangnya...... 1. dipakai suara meniru anak kecil seperti menanyai tidak berguna. 2. mengoceh tidak berhenti-hentinya, suara yang sama itu untuk mengobrol. Memangnya mereka pikir ini speaker?"
chandita ratana,5,2024-02-25 14:17:41,"aplikasi ruangguru sangat bermanfaat,bisa menonton vidio belajar,kuis,latihan soal dan masi banyak lagi,jadi aplikasi ini sangat di rekomendasi kan"
Agatha Anekawa,5,2024-02-25 12:32:22,apk nya bagud
Intan Cans .0063 (Intan),5,2024-02-25 11:54:13,"Apk ini nemenin aku belajar dan membuatku tambah semangat,tapi harus premium biar rinci pelajarannya jadi kadangÂ² males soalnya nggak bisa nonton materi selanjutnya Semoga menjadi lebih baik,baik,dan baik lagi! Ganbatte kudasai"
wiz,5,2024-02-25 11:45:30,Bagus sekali pelayanannya saya dari rank 19 ke 7 ya lumayan dari apl ini
Dinda Pratiwi,4,2024-02-25 11:34:46,"Saya kurang mengerti,tapi saya sukağŸ¤©"
Juan Phillippe,4,2024-02-25 04:16:22,"Aplikasi yang keren banget, meski banyak soal latihan yang menantang tapi disitulah jati diriku terbentuk"
riany hany,5,2024-02-25 03:40:14,Seru ada pelajaran dan kartun seru pokok nya
seven7nickname,1,2024-02-24 12:38:08,Banyak spam penawaran program dari whatsapp.
yusuf affandi,2,2024-02-24 12:04:44,Kok suka tiba2 suka berhnti pdhl sudah apdetğŸ˜‘jd beljrny sush
Alfian Alfarezi,1,2024-02-24 06:10:32,Kacau banget udah langganan 500rb buat fokus ke utbk.. masa bagian try out nya harus bayar lagi.. padahal kan gua langganan bagian utbk buat try out nya.. rugi dong
Cecilia Cecil,5,2024-02-23 11:13:47,belajar menjadi lebih mudah dan cepat paham
Mukhtardi Ardi,5,2024-02-23 08:18:58,Bagus aplikasi ini lengkap
Keto ar,5,2024-02-23 05:53:49,Setelah aku mendownload nya aku selalu dapat ranking dikelas
Siti Rohimah,5,2024-02-22 14:07:25,Sangat membantu sekali untuk pekerjaan rumah dan lancar aplikasinya terimakasih ruangguru
Aldino Rumbara,5,2024-02-22 13:24:58,Kren bamgat
Ai tuti Gantini,5,2024-02-22 11:45:26,"bagus mudah dimengerti ,, tapi kadang suka bug atau kalo lagi enak enak nonton video nya suka keluar sendiri terus ada tulisan gitu"
jessica star creation,1,2024-02-22 11:26:33,"Super duper kecewa dengan Ruang guru,sales admin ngak jelasin brain academy tidak termasuk dafa lulu, pas aplikasi Di buka yang jaringan Lemah, Jadi kita Di oaksa beli aplikasi Tanpa Tahu kegunaannya, Tanya soak Di robo guru jawaban juga menyimpang, Kurikulum tidak sesuai,soal Kurang berbobot, Tanya customer service juga Kurang memuaskan video juga membosankan, untuk banger pelayananan admin Di wa ngak di balas, jelas merepotkan sekali, aplikasinya dan materi buruk tidak bantu sama sekali"
Khalisya,5,2024-02-22 06:49:00,"Aku jadi lebih mudah buat belajar tentang matematika Sampai akhirnya aku mengikuti, program anak cerdas , thanks for watching ya ruang guru"
Fauzi Oji,5,2024-02-22 03:06:33,Pembelajarannya bagus banget!! Serasa main game
Syakira Zahidah,3,2024-02-21 14:46:26,roboguru itu gabisa dipakai
Lamsar Silalahi,4,2024-02-21 14:08:58,éå¸¸ã«ä¾¿åˆ©
Lena Claudya,5,2024-02-21 13:54:38,Keren
Veronicaa Ailaa,1,2024-02-21 09:32:08,bagian baon nya lemott bangett gilaaa banget banget lagi inimah sumpah males banget yaallah
aida pasha,5,2024-02-21 09:16:53,seruu
Dwi Suryana,5,2024-02-21 07:46:34,Yaa seperti mereka
sicilia ummu fahimah,5,2024-02-21 07:27:05,"pembelajarannya bagus untuk anak sd smp dan lain lain... juga banyak yg unik kayak hewan peliharaannya,dan avatar avatar yg keren... bagus deh pokoknya..."
Indira Shofia,5,2024-02-21 02:12:19,"Kak belva ayo muncul lagi kak, nanti kak belva di konsep trus dijelasin sama tim rg lain di konsep kilat..."
Hasna Kaylla,5,2024-02-20 13:53:29,"sangat membantu kami sebagai pelajar dalam melakukan KBM di sekolah, materi sesuai dengan kurikulum. â­â­â­â•"
Wiro Waras,5,2024-02-20 11:59:48,Paket kuota internetnya buat lebih terjangkau lagi seperti waktu covid19
Syamsul Rijal,5,2024-02-20 07:16:35,Seru
Jeckie Channel,5,2024-02-20 03:46:13,Karya anak bangsa yang perlu diapresiasi untuk kemajuan SDM Indonesia untuk menuju Indonesia Emas
Nida Astiti,5,2024-02-20 03:25:10,Asiknya belajar disini
Raditya Aries,1,2024-02-20 01:20:50,"Kenapa saat ini banyak bug di appnya,kadang video tidak bisa dibuka padahal signal amanÂ² aja, pemberitahuannya hanya sistem sedang error,padahal pembelajarannya sangat membantu"
Raka Fauzy Akbar,5,2024-02-20 01:03:35,"Trimakasih Ruangguru ğŸ‘, video penjelasan mudah dimengerti, tiap soal ada pembahasannya, mantap banget deh. Cuman kekurangannya gini, Waktu saya lagi ngerjain soal IPA, kan ada gambarnya tuh, misalnya tentang daun gitu, kurang lebih soalnya menanyakan ""bagian yg ditunjuk nomor 3 disebut?"". Tapi gambarnya gak bisa digeser-geser, sehingga ngebuat gak kelihatan bagian no 3nya. Itu memang begitu atau bisa digeser cuman HP saya aja yang bermasalah ya? Atau ada fiturnya?"
Mikha Agustamia,5,2024-02-19 13:08:22,"Makasih atas kenyamanan yg diberikan, walaupun kadang tidak sesuai tpi mmng lebih byak yg benar kok jdi aku rate nya bintang 5 aja deh"
Rai -,5,2024-02-19 11:09:42,"Aplikasi nya bagus, tapi tolong tambahin fitur misalnya untuk baca buku pelajaran gitu,"
Titis Marlinda,5,2024-02-19 10:14:09,Ok
Esvirli Aviola,4,2024-02-19 02:47:23,Bagus dan bisa mengerti pelajaran nya
Usang Handayani,1,2024-02-18 22:49:36,Bagus tapi bayar nya mahal bintang 1 nya maaf
Slamet Slamet,5,2024-02-18 21:22:58,"Saya sebagai pengguna yang sudah berlangganan merasa terbantu untuk mempelajari pembelajaran nya, banyak animasi membuat saya pribadi tidak bosan dan didampingi oleh guru yang tidak membosankan."
Siti Arnisah,1,2024-02-18 16:56:24,"Gurunya gak jelas cuy ga amanah, 30 RB sia sia di roboguruplus cuma 1 soal yg dikerjain"
Fatih Bko,5,2024-02-18 14:32:18,Bsgus aplikasinya aku jadi rengking 1 garaÂ² aplikasi ini
Tapak Tuan,5,2024-02-18 13:08:52,Bagus buat anak yg suka pegang Hp?
Azka Farizki,4,2024-02-18 11:45:55,Saya sangat suka aplikasi ini karena semua pelajaran ada.Dan mempunyai teman belajar.
Dwi Dwi,5,2024-02-18 11:45:47,Bagus
Jovita Tobing,5,2024-02-18 11:17:15,Membantu saya dalam mendapatkan juara ğŸ†ğŸ†ğŸ†yg tertinggi
Chindy Chairunnisa,4,2024-02-18 09:11:26,Menurut saya bagus cuma biayanya aja yg mahal
Naiya Nurhayati,1,2024-02-18 09:07:23,kalau masuk jangan pakai kata sandi terus gimana sih cara mau browsing gitu kok kaya rumitnya kebangetan ğŸ˜’ğŸ˜’ğŸ™„ğŸ™„ğŸ™„ğŸ™„ğŸ™„
Gading P.C,1,2024-02-17 13:55:52,Nih apk gk ramah sm pengguna baru apaÂ² dipersulit. Dan lg pop up izinny ganggu bngt cm krn sy gk mau kasih izin notif krn bikin notif rame itu pop upnya maksa suruh aktifin trs. Tutornya jg bnyk yg gk ramah. Sering eror & bnyk bug lg apknya udh isi data diri tp disuruh ngulang lg berkaliÂ². Verif nomer WAny gagal mulu linkny gk guna. Dah gt admin WAnya sering nyepam maksa beli dengan dalih kuota promonya akan dialihkan ke orng lain pdhl mahal biaya paketnya. Gk worth it bngt langganan paketny.
Gabriel marpaung,5,2024-02-17 11:11:23,Ini beneran super app untuk belajar. Gk percaya cobain deh!!
Putri Candrakirana,5,2024-02-17 10:35:17,Ruang guru sangat bagusss
Kue Sus,3,2024-02-17 08:18:32,udah bagus cuman soal untuk informatika di bank soal tidk ada
aurllia,1,2024-02-17 05:22:05,"GAJELAS BGT RUANGGURU NGELAZG NGELAG, RIBET, LAMA LOGIN GAK JELAS BGT"
Muhammad Zaki,5,2024-02-16 15:11:50,Bagus amat dah bagi gw
Abdi Nararya,4,2024-02-16 13:30:18,Aplikasi sangat bagus pembelajaran nya mudah dimengerti
DHEYSIC SON MARAMPA,5,2024-02-16 08:38:56,Mantap.......................g..k............
Ningtyas Rizky,5,2024-02-16 05:37:20,Saya ingin menghapus aplikasi ruangguru. Mohon bantuannya
Andra Pratama,1,2024-02-16 03:59:02,Kecewa berat saya mamah huuuuuuuuuuuuuuuu
Rasyid Rasyid,5,2024-02-15 14:07:27,Bagus
AL AIR,5,2024-02-15 13:11:01,Baik
Delima Ernawati,3,2024-02-15 12:47:03,aplikasi suka eror. terputus di tengah video
Doni,5,2024-02-15 11:57:24,Yes good
Naila Nur Zahrah,5,2024-02-15 06:23:30,Video pembelajarannya sangat membantu dan banyak latihan soal yg bisa dikerjakan untuk melatih pemahaman
Juwita Gratia,5,2024-02-15 05:33:17,"Aku suka dengan Ruangguru, karena pembelajarannya bagus aku jadi mengerti dehğŸ¥°ğŸ˜‡ğŸ™"
Ranti Ranti,5,2024-02-14 13:57:50,Bagus
Devi Seftiana,5,2024-02-14 09:45:54,Membantu saya belajar
Muhammad Dzaky Yumna,5,2024-02-14 09:29:35,Sangat membantu.Fitur fitur yang disediakan membuat para pengguna khususnya pelajar menjadi tidak cepat bosan dalam proses belajar.Metode penjelasan yang singkat dan mudah dipahami dengan hadirnya fitur Adapto. Saya harap Ruangguru bisa terus memperhatikan dan mengembangkan detail kecil bagi setiap pengguna Ruangguru kedepannya
Ayesha Qonita,5,2024-02-14 09:13:09,"Bagus banget, aku di recommended sama kaka ku ternyata bagus, Dan aku Kemarin Ada pr mtk trs aku gak tau trs pas aku pake ruangguru eh besok nya nilai aku jadi 100ğŸ‘ğŸ‘ğŸ‘"
Silphany Nissi,5,2024-02-14 06:29:03,Sangat bermanfaat sekali
gariy priandara,5,2024-02-13 12:09:49,"Apk yg sangat bagus danjuga sangat membantu perkemangan belajar,cuman ada yg kurang yaitu tolong tambah kan pelajaran PABP (Pendidikan Agama dan Budi Pekerti) walaupun bukan materi pokok tapi seharusnya di tambahkan karna sama sama pelajaran semoga nanti ditambahin plissğŸ˜‡ğŸ™"
Arya Mahardika,3,2024-02-13 11:34:24,Sebenarnya aplikasinya bagus cuman kebanyakan bug dan lag.ditambah kadang aplikasinya suka keluar sendiri jadinya tolong ya diperbaiki
drinzæœ‰,5,2024-02-13 10:12:38,Keren Menyala abangkuu ğŸ”¥ğŸ”¥
tio wahyu abimantrana,5,2024-02-13 09:41:57,Aplikasi bagus dan baik dipahami untuk belajar
Angel tria Novita,4,2024-02-13 09:25:14,baguss tapi untuk penanganan nya agak lama
BIMBEL RUMI,5,2024-02-13 06:47:13,SAYA MAU DAPAT HEWAN
benhail 2,5,2024-02-12 11:26:39,senang di ruang guru
Erna Manullang,5,2024-02-12 08:08:17,Seru
Obon Sobarna,4,2024-02-12 00:33:32,Baik
Dazai Osamu,4,2024-02-11 08:04:49,"Bagus, jadi paham materi di sekolah. Pembahasannya kadang terlalu cepat, jadi berharap ada fitur subtitle"
ANDRIAN RAPON,1,2024-02-11 02:21:09,Terdaftar
Stepanus rangga Koba,5,2024-02-09 22:17:40,Mantap sekali
Sinna dasa Ladu,5,2024-02-09 15:34:37,Saya suka
Axelio Aqila,5,2024-02-09 13:37:50,Membuat ku sangat pintar
22_Luthfi Liyana Awal_XI MIPA 5,5,2024-02-09 08:00:26,Keren parah
Yuka Murniasih,5,2024-02-09 01:57:46,Wawwwwwww
Marlo Patiung,5,2024-02-09 01:04:21,Ntaps
Ferly Arrozak.H,5,2024-02-08 17:55:28,mantap
Dzaki jabil Jaballah,1,2024-02-08 13:05:01,Sering terjadi bug Tolong diperbaikiğŸ™
Raesha Maulida,5,2024-02-08 12:52:45,Aplikasi ini sangat bagus sekali sehingga memudahkan saya dalam belajar
Elma Burhan,5,2024-02-08 03:06:06,Bagus sekali
FADHIL,5,2024-02-08 01:19:55,Bagus
Mus thafa,5,2024-02-07 13:25:11,Aplikasi ini sangat keren bagi pelajar
fajrsch,5,2024-02-07 13:03:29,Hebattt
Khoirul Anam,1,2024-02-07 02:57:38,Aplikasi kurang lengkap dari segi materi
Gus Mahfud SH Gus Monterroe,5,2024-02-06 16:25:31,Okey . . Banget ğŸ˜šğŸ™ğŸ‘‰ğŸğŸ”ğŸ¥¯â˜•â˜•â˜•
Ammar Zaidan,5,2024-02-06 14:48:55,Aplikasi sangat bermanfaat
Abdu Fathan,3,2024-02-06 14:40:50,"Pake Ruangguru dari tahun 2021 si enak enak aja tapi semenjak sma ini rencana belajar mingguan nya gak jalan masih periode tahun lalu itupun stuck di bulan maret , padahal itu yang bantu banget buat liat Ruangguru tiap hari"
Kak Nurun,1,2024-02-06 14:12:32,Lambat pasangan
Aghis Aidil Fajri,5,2024-02-06 12:20:34,Keren
rainz tan,5,2024-02-06 12:01:01,Aku suka banget bisa du buat untuk belajar
Fattah Alim,5,2024-02-06 10:37:47,"Saat mengerjakan soal, pasti ada penjelasanya dan itu lengkap dan mudah dimengerti ğŸ‘"
Atta Halilintar V,5,2024-02-06 10:30:47,Hebat
Azkiya azzahra luthfi Azkiya,5,2024-02-06 07:13:33,bagussssss
Rifqi Rifai,5,2024-02-05 15:41:52,bagus
Fahira Aruna shafiqa,5,2024-02-05 13:42:03,"Seru sekali belajar disini,dan sangat seru menotonnya"
alexa caroline,1,2024-02-05 12:43:26,"ngelag mulu, server error terus, bintang juga ga bertambah setelah polling sudah direport jg ttp aja ga nambah, ketika akhir sesipun bintangnya tidak menambah dari hasil poling. dimohon utk segera diperbaiki"
Davien,1,2024-02-05 12:18:32,"Jelek banget ada pelajaran yang tidak bisa jawab pertanyaan aku , dan langganannya terlalu mahal aku kurang mampu untuk membelinya berlangganan . Pelajaran ada yang kurang seperti kelas 7 informatika , prakarya , agama kristen itu pelajaran yang kurang"
ashmairaa,1,2024-02-05 11:09:04,"GANGGU PRIVASI!! bisa ga si gausah spam telpon di jam sibuk orang? WhatsApp saya penuh isinya chat dari ruang guru dengan orang yang berbeda beda setiap harinya bener bener sampah saya di spam chat/telpon sampai berkali kali pdhl udah di bilang saya udah berlangganan tapi masih maksa kocak, marketing sampah pembelajaran ga berbobot bertelele mana di IOS suka keluar sendiri ngelag trs lgi"
Brain Academy Dumai,5,2024-02-05 10:07:24,Good
Luzein,5,2024-02-05 10:07:00,"Sangat membantu, Semoga saya bisa masuk snbp ITB 2026 dengan bantuan ruangguru"
Syakirah Aulia,4,2024-02-05 02:43:36,"Fitur nya sudah bagus,dan juga video bisa saya pahami sedikit demi sedikit, tetapi knp saat saya ingin menguji diri sendiri/kuis, tidak ada soalnya?. Hanya kosong"
Dimas Fathuroji (Dims),5,2024-02-05 01:15:19,Terbaek
Evi Novita,1,2024-02-04 14:35:58,Karena harus Langganan
Khalif B Bardan,5,2024-02-04 12:23:26,"Keren,bermasalah langsung di benerin. Mantap"
Wangi Melati Putri,3,2024-02-04 04:28:40,"baguss tapii makin kesini tuh entah kenapa gak bisa dibuka drilling soal tuh, entah karena bug atau apa, udah lama gak buka drilling soal padahal butuh banget, selain itu kadang latihan bab gak bisa dibuka, tapi kadang aja, beda dengan drilling soal yg saya sendiri baru pakai beberapa kali setelah itu gak bisa dipake lagi sampai hari ini."
HarefoxGames,5,2024-02-03 18:53:56,"sedikit flexing, nilai rata rataku dulu semester 4 cuma 91an, sejak make ruangguru rata rataku jadi 97 wkwkwğŸ¤£ keren!.. sedikit saran, materi kimianya banyak yang ngga ada :("
marina marina br tarigan,5,2024-02-03 12:27:24,terima kasih berkat bantuan ruang guru saya jadi lebih mudah belajarâ¤ï¸â¤ï¸
mulyadi cakung,5,2024-02-03 12:18:18,"Mantuuul, ini baru aplikasi"
Edi Gombloh,5,2024-02-02 16:59:03,Ruang guru belajar asik..mudah dimengerti..gak bikin pusingâ˜ºï¸
Diara Bas,5,2024-02-02 09:35:07,ACl Gamestop
Ikenur Jannah,5,2024-02-02 08:16:13,Aplikasi nya bagus banget cocok buat belajar
Eko Agoes Channel,5,2024-02-02 04:08:43,Mantap
rakib jati,5,2024-02-02 03:16:03,Sangat bagus untuk belajar
Regita Cahyani Anwar,5,2024-02-01 22:11:59,sangat membantu belajar ku! big thanks ruangguruğŸ¤ğŸ¥‘ğŸ™ğŸ˜
Matcha,1,2024-02-01 13:44:26,Bintang satu dulu karena kita Udah berlangganan 2 tahun..pas udah genap 1 tahun masa videonya Ke kunci semua
Qiara Bonny,1,2024-02-01 12:39:22,Watering lentil cawnimale
Nadine 007,2,2024-02-01 12:16:20,Saya kasih bintang dua karena suka nge-lag jadi saya tidak sukağŸ™ğŸ™
Jihan fauziah nuzul,5,2024-02-01 09:01:37,Serrru belajar di ruanng guruuğŸ˜‡
Evanny Kaory,1,2024-02-01 07:59:48,Kadang lama loading terus tagai terus pas mau masuk ke kuis atau kuis video langsung keluar tolong perbaiki applikasi ini
GanMa YT,1,2024-02-01 07:35:30,"Semenjak berlangganan,Saya merasa terganggu dengan adanya pemberitahuan apalagi sampai dispam telepon disaat saya sedang sibuk sekolah. Tolong kurangi pemberitahuan,jika saya ingin berlangganan lagi saya akan memberitahu."
Azizah najwa,1,2024-02-01 02:02:30,Bs bs ny dlu w langgananğŸ™„
Nur Hapiparma,5,2024-01-31 23:39:02,"Sudahlah gurunya baik, pengajaran yang ramah dan ada video belajar lagi, buruan download sekarang"
Chico Lambaran,4,2024-01-31 18:42:25,Apk yang nyaman buat gw belajar nihğŸ‘ğŸ»
Shafaikmal Wahyudi,5,2024-01-31 15:05:18,"Aplikasi tempat belajar yang bagus menurut saya dengan biaya terjangkau serta penjelasan video pembelajaran yang mudah dimengerti. Pelajaran nya lengkap sekali karena materinya mengikuti pusat jadi yang tidak diajarkan di sekolah diajarkan di Ruangguru. Kendala nya hanya berada di pengembangan aplikasi nya saja, karena di waktu tertentu terjadi gejala bug dan buffering meskipun jaringan kita tidak terkendala. saya harap kendala tersebut dapat di kurangi."
Fauzan Atha Naufal,5,2024-01-31 14:51:48,Benar2 sangat membantu mengedukasi masyarakat
santi rosmawati,3,2024-01-31 14:50:42,"Tolong tim ruangguru, kroscek lagi mana yg belum perpanjang paket dan mana yg sudah perpanjangan.. Saya agak terganggu karena seringnya masuk chat dari marketing ruangguru menawarkan perpanjang paket padahal kami sudah melakukannya. Bukan hanya ke nomer saya, tapi juga nomer anak saya. Apalagi di waktu istirahat malam, mengapa sering sekali chat di malam hari, itu cukup mengganggu customer karena sdg istirahat dipikir chat penting ternyata spam."
Ziadfatianhanif Fatianhanif,5,2024-01-31 14:40:11,Baikkkk
Sulastri Lastri,5,2024-01-31 13:03:11,Saya puas dengan hasil nya
Melawii Pinoh,5,2024-01-31 11:34:58,Bagus sekali untuk anak pelajar
Noel Anya,4,2024-01-31 05:10:02,Anjay
Ardi,1,2024-01-31 03:20:59,Menghabiskan penyimpanan dazal emang
Nayla haura filia margaretha,5,2024-01-31 02:51:15,Makasih ruangguru udah buat aku tidur nyenyak
Indira Cahyaning Putri_06,4,2024-01-31 01:13:46,Baguss bgt
Priscilla Kirana,2,2024-01-31 00:45:26,"Kenapa aplikasi terus berhenti ya? Padahal sudah update aplikasinya.. waktu buka zona berlatih tiba2 kembali terus tidak bisa digunakan, mohon diperbaiki"
Andhika Anbiya Muhammad,5,2024-01-30 16:54:27,Ini sangat membantu saya
Nayah Inayah,5,2024-01-30 14:55:58,Menarik dan bagus
shafa auliaz,1,2024-01-30 12:27:49,"ga bisa login katanya ada kesalahan,bikin males deh mau ngerjain tugas jgağŸ™„ğŸ™„"
Riona Qeis,5,2024-01-30 11:39:59,HALLO KAK FIA
Dicka Admajaya,5,2024-01-30 10:27:09,Makasih ya
Krisna Talin,5,2024-01-30 07:18:25,Ruang guru sangat bagus
Ratu Turnip,5,2024-01-30 01:45:12,"bagus, smt nya asik asik, ğŸ˜ğŸ˜ğŸ˜ğŸ¤©ğŸ¤©ğŸ¤©"
Rudi Yantoro,5,2024-01-29 16:36:10,"Aplikasinya sangat bagus. Mnambah ilmu untuk anak"" sekolah"
Alya Laila rahma,5,2024-01-29 14:38:24,Baguuusss banggettttt
Ù…Ø­Ù…Ø¯ Ø¨Ø­Ø±ÙˆØ§Ù„Ø¹Ù„ÙˆÙ…,4,2024-01-29 13:57:47,Iya saya tau ada kualitas ada harga tapi harga mahal bngt sih buat saya yg pake duit pribadi di bilang ya bagus mahal aja sih
Natasya Deva,1,2024-01-29 12:44:57,Lumayan membantu
Felix H.togatorop,5,2024-01-29 11:37:24,Membantu sekali dalam pembelajaran saya ğŸ‘
Aulisa Lisa,5,2024-01-29 10:21:58,Sangat memuaskan
nnasywa,4,2024-01-29 09:14:46,"Good lah, well, very well"
Arfidayani Rais,1,2024-01-29 08:16:43,Kenaa selalu ditelpon sih. Kan saya sudah gag mau perpanjang lagi. Terlalu mahal menurut saya. Please jangan telpon2 trus
Komang Arca,4,2024-01-29 07:17:48,Lebih bagus lagi kalau apk nya off itu bisa membantu kalau ada yang tidak memiliki internet/bikin lah kayak semacam mode offline
Muhammad Rosyid Ridlo,5,2024-01-29 00:56:37,Bagus
Muhammad Iqbal,5,2024-01-28 13:29:12,Saya berlangganan Brain Academy. Pelajaran mudah dimengerti. Terima kasih tim Ruangguru. Semoga saya bisa keterima ITB tahun ini.
Sonia Benu,3,2024-01-28 12:26:12,Gak bisa akses teman belajar malah uang muncul akun saya bukan level yang harus di kerjakan
marisa marisa,5,2024-01-28 10:04:21,Karna seru
Christian Afaridi22,4,2024-01-28 09:24:03,Kurang
Sri Natalia,5,2024-01-28 08:59:54,Bagus pengajaranya
Kiaa Kiaa,5,2024-01-28 08:19:10,Good
Syahirul Alim,5,2024-01-28 07:00:54,Sangat membantu
Alfarezi ikhtiar,5,2024-01-28 05:26:24,Nice Banget
dyah ayuyulyastuti,5,2024-01-28 02:19:20,Hehe bagusss jangan ragu buat download
Ila Tea,5,2024-01-27 22:22:12,God ruang guru
Smart People,5,2024-01-27 19:55:50,Bagus
Nindi Aulia,5,2024-01-27 12:47:59,"materi dapat dipahami, buat yg ambil brain academy offline bisa lebih paham, sangat membantu dalam mempersiapkan utbk maupun mandiri"
Rasya Tri Adytia,5,2024-01-27 12:40:53,Di ruang guru ada bahasa jepang gak yg kelas 10 kumer?
Tiarahana Simargolang,5,2024-01-27 08:15:58,Sangka bagus
9-8 Almas Haifan H,5,2024-01-27 07:34:33,ğŸ‡²ğŸ‡¨
Dimas Siswa prayoga,5,2024-01-26 12:58:37,"Alhamdulillah bagus kak aplikasinya saran ku ditambahkan pembahasan yg berkaitan dengan skill seperti melatih ketrampilan powerpoint, word dan excel."
Nur Hidayah,5,2024-01-26 08:39:57,(Kata sandinya) SD INPRES PAUPANDA 2
Sam Suddin,5,2024-01-26 04:56:46,Baik dqn bagus
Nikmah Redmi,5,2024-01-26 04:46:52,Senang
Namira Kurniasari,5,2024-01-26 04:30:20,"Suka bangettt, aku jadi bisa meningkatkan ilmu kuu"
Prijayamuda,5,2024-01-25 22:19:04,"Wah, seru banget, soalnya saya nonton sambil belajar, semua pelajaran nya asik banget dan juga ada beberapa adegan lucu sih, saya kasih 5 bintang karena setelah saya belajar di ruangguru saya dapat rangking 1 disekolah"
Rizki Alvian,5,2024-01-25 16:43:00,Sangat bermanfaat
Sukino Jrt,5,2024-01-25 14:22:39,Wihh ini ruang guru sangat membantu ku saat aku lagi kesulitan makanya aku kasih bintang 5 nihh coba kalian donloud ini pasti kalian bisa belajar dengan mudah nya di ruang guru!
Anna Okta,5,2024-01-25 14:16:31,Bagus aplikasinya terutama untuk pelajar SD membantu sekalii dalam pembelajaran ğŸ‘ğŸ»
Mutia Rahma Inayah,5,2024-01-25 12:24:55,Bagus ternyata bisa tanpa uang juga belajar gratis
Basti Abd,5,2024-01-25 11:49:33,Mantap
Kadek Sumerta,2,2024-01-25 11:05:32,Susah banget pas mau masuk pake begituan
Ariq Rifqi,1,2024-01-25 10:35:15,Kurang banget sih
Stepio Cheryn09,5,2024-01-25 08:27:55,"Suka banget sama aplikasi nya, membantu untuk aku buat belajar untuk lebih paham lagi!"
Fina Nailatul Izzah,4,2024-01-25 07:09:30,"Tolong bgtt buat ruang guru kalo mau cek rasionalisasi trs ngubah data plss jangan ilang semua datanya otomatis ngisi ulang dari awal, kalo misal kesimpen kan kita cmn perlu perbaikan yg perlu diubah ajaaga ngulang semua data. Kadang uda ngisi pjg bgt pas diakhir ngeblank gbs kesimpen trs ngulang data itu cape bgt n bnrÂ² bikin beteğŸ˜©ğŸ˜©ğŸ˜©ğŸ˜©ğŸ˜©"
Aris Yopi BBC_004_R,5,2024-01-24 17:22:18,Aplikasinya sangat membantu untuk belajar. Semoga fitur2nya lebih dikembangkan lagi.
oyaa liora,5,2024-01-24 13:31:54,Gampang untuk dipahami dan juga seru karena ada animasi latihan pada bank soal sebelum mengerjakan kuis di bank soal dan ada hewan yang menambah teman belajar!
Rafa fauzan KAMIL,3,2024-01-24 13:26:46,Aneh setiap screenshot tapi gak masuk ke galeri screenshot hp
Naufal haromain,5,2024-01-24 13:18:26,Bang belva makasih udah bikin nilaiku gk anjlok
yani sumayani,5,2024-01-24 12:34:01,ğŸ‘ğŸ‘ğŸ‘ğŸ‘ğŸ‘
Noriko Danish Alfarel,5,2024-01-24 09:26:21,"Aplikasi yg sangat bagus dan sangat membatu para pelajar. Aplikasinyapun mudah digunakan. Buruan download,dijamin ga akan nyesel."
Kayana Desvia,5,2024-01-24 08:34:41,Kita mudah memahami pelajaran apapun mau mtk bahasa inggris dan lain lain
Lulu Hafizhoh,5,2024-01-24 03:37:07,"terimakasih banyak ruangguru udah membantu kendala saya sebelumnya, layanannya bagus banget"
Claudia Bonita M,4,2024-01-23 15:08:47,bagus tapi suka lag apa karena internetnya ya?
R_ Dulu (boren),5,2024-01-23 12:45:34,"Aplikasi ini yang terbaik dari semua yang pernah saya gunakan untuk membimbing anak saya, Dengan bantuan aplikasi ini, saya bisa mengukur sejauh mana anak saya bisa menguasai pelajaran di sekolah nya"
Fairuz Mumtazah,5,2024-01-23 12:31:55,"Terima kasih ruang guru, kebantu banget buat persiapan utbk besook"
Cerilyn Carlyn,5,2024-01-23 09:25:08,Seru banyak jawaban seperti les beneran
Fahira Putri,1,2024-01-23 04:04:26,"harap keapda ruang guru,, jangan spam kalo daa gak join lagii,,, ini daaa berapa kali di blok masi aja di spam pakai nmor lain"
Melpa Vivo,5,2024-01-23 02:26:53,Menurut aku rekomendasi banget aplikasi ruang guru ini ke ibu yang hari hari nya sangat sibuk..melalui aplikasi di gejed kita bisa belajar dengan anak kita di rumah soalnya soalnya juga sangat mudah di pahami.terimakasih ruang guru..
Doliarya,5,2024-01-23 00:37:23,DeskriminasiğŸ˜€500/
Sedang Belajar,3,2024-01-22 23:31:25,"Sosiologi banyak soal dan jawaban tidk muncul Soal sedikit, bank soal tdk lengkap, video pembahasan soal juga tidak bisa di buka, aplikasi sudah terbaru kak tdk ada opsi updt"
Aulia Mutia,5,2024-01-22 14:19:29,"Penjelasan nya mudah di pahami dan cara mengajarnya asik,sekarang aku jadi paham mtk"
Aulia R.R,5,2024-01-22 13:38:13,"MATERI NYA JADI GAMPANG DIPAHAMI, worth it buat berlangganan!!"
Athala Ata,3,2024-01-22 13:24:43,Masi baru dlm aplikasi ini
Sari Whercame,5,2024-01-22 13:08:02,Mantap fiturnya bagus dan membantu anak saya dalam pelajaran
Adinda Umay iroh,5,2024-01-22 12:48:09,aplikasi yg sangat bagus untuk di pakai belajar saya sangat suka dengan ruangguru iniğŸ‘ğŸ»ğŸ™ğŸ»
lovely black cat,1,2024-01-22 12:44:50,Nyesel instal ruang guru log in kelas SMP sekarang ke orang tua ditawarin kelas sma buat persiapan ptn. Terlalu lama brain academynya ga efektif selama 6 jam (3 jadwal). Kurang bermanfaat bagiku. Orang mau belajar pelajaran lainnya di sekolah ga bisa. Kasih bintang 1 ngeselin. Mau belajar ulangan pun ga bisa jadi kehambat gara-gara uang dari ortu melayang. Nyedot kuota pula habisssss gara2 live teaching. Ortu maksa suruh ikut bimbel online
Kania Vidyaparamita,4,2024-01-22 11:15:09,"Haloo kakak kakak ruang guru, perkenalkan nama saya Kaniaa, semenjak saya menggunakan ruang guru saya mendapatkan banyak pelajaran tambahan. Tetapii .. ada kekurangannya jugaa, yaitu saat ingin menjawab soal kadang kadang soal tidak muncul dan jawabannya juga..., semoga bisa diperbaiki yaa!!, semangat belajar buat semuanyaaa."
GINI DIARTINI,5,2024-01-22 10:24:21,"Mayan, tapi akun ku bisa di hack"
Rey Han,5,2024-01-22 10:19:32,Banyak fitur belajar
Gesti Verina,5,2024-01-22 05:16:58,Keren banget apalagi sama pelayanannya. TOP deh buat Ruangguru ğŸ¤©ğŸ¤©
Yesty Gultom,5,2024-01-22 01:47:19,"Apk ini membuat saya tambah mengerti mengenai materiÂ² pembelajaran saya, dan saya cepat mengerti dari videoÂ²Nya ğŸ‘ğŸ»"
Putri Malu,2,2024-01-21 12:43:43,Sumpah gimana yaaa gw tanya apa di jawab apağŸ˜ğŸ˜
M daffa Fauzi,5,2024-01-21 12:11:41,ruangguru terbaikk:)
Rio Nina,5,2024-01-21 08:35:13,Buat melatih pelajaran
Riki Gunawan,5,2024-01-21 03:32:56,Aplikasi paling bermanfaat bagi saya
Al Farizy,5,2024-01-21 00:50:47,Sangat membantu aplikasi ini wajib download
Rifqi Adhi Falah,5,2024-01-20 13:35:06,Sangat menyenangkan
Nikita Tiwi,5,2024-01-20 13:20:02,Bagus
farhan pratama,5,2024-01-20 12:58:09,"Penjelasannya jelas, dan rinci, sistem online offline pun juga bagus, kurang lebihnya tergantung kondisi dari user ya"
Hayatun Nur,5,2024-01-20 10:11:21,Mantap
Nuridah Nur,5,2024-01-20 08:11:04,"Ruang guru adalah salah satu aplikasi yang sangat sangat membantu, apa lagi untuk tingkat pelajaran yang sudah tinggi cocok bangat untuk bergabung dengan ruang guru"
Itsz Sindi,1,2024-01-20 07:36:07,"Nyesell udh berlangganan ga bisa dibuka videonyağŸ¤® , udh di kasih keluhan malah ga bertanggung jwb"
Nazzam Adly,4,2024-01-20 05:49:41,Makasihh ruang guru membantu banget
Rahmat Mulyadi,1,2024-01-20 03:09:44,Layanan buruk
Millik Samsung a04,5,2024-01-20 02:23:02,No comment
Malzz Xxy,1,2024-01-20 01:40:53,Aplikasi tidak berguna loading lama
Dini Nurhidayat,5,2024-01-19 23:28:12,"Apk nya terbaik,sangat membantu saya belajar matematika dan memudahkan saya untuk mengerjakan soal-soal pelajaranğŸ‘"
Luthfi Daudsyah official,5,2024-01-19 19:27:05,Applikasi yang bagus untuk ilmu pendidikan
Tony Mulyadi,1,2024-01-19 15:32:39,"Aplikasi yg bermanfaat membantu kita dalam belajar, lengkap dari sd sampai smk pun ada semua. Semoga terus berkembang menjadi lebih baik ğŸ‘"
Savira Aulia,5,2024-01-19 13:58:40,"Bismillah,aplikasi yang benar benar membantuuğŸ‘ğŸ»ğŸ‘ğŸ»setelah berlangganan dan memakai ruangguru,saya jadi aktif dan sangat suka belajar.Asli sih,kayak kecanduan gituğŸ±Selain karena master teacher nya yang luar biasa,video nya juga ga bikin bosen...entah kenapa saya menjadi semangat dan tekunğŸ¤—terima kasih ruangguru i love youâ¤ï¸"
fattur saleh,5,2024-01-19 11:50:10,belajar dengan animasi sangat menarik dan mudah untuk dipelajarin dan mendapatkan ilmu yang banyak sekali
Ira Jiran patty,5,2024-01-19 11:07:10,"Sangat bagusss,cocok banget klo di jadiin tmpt belajar dan jg banyak promo di apk ini like banget dehhh"
Sotya Raya,5,2024-01-19 10:25:52,Belajar lebih menyenangkan.
Retno Ningsih,1,2024-01-19 08:20:21,Akun tidak aktif setalah seminggu pembayaran dan dilaporkan disuruh menunggu lewat dari 3 hari kerja tetap tidak bisaâ€¢ respon minta kirim vdio terus tapi GX da perubahan
suminar life',5,2024-01-19 07:42:52,"Aplikasi yang mudah untuk di gunakan,,bimbingan belajar online terbaik hanya di ruang guru"
Maylani Trinity,5,2024-01-19 06:22:17,"Seru kak, cuma kalo beli lagi pake akun yg sama maunya di update juga gitu kak hasil belajar nya... Yg aku langganan kali kedua ke cheklist semua, jadi bingung udah sampe mana belajar nya ğŸ˜…... Tapi aku suka sih.. ini lagi langganan paket utbk, mudah mudahan masuk deh ğŸ¤ PTN.lopyou"
Aldy Example,5,2024-01-19 02:23:41,"sangat terbantu dengan adanya aplikasi ini,trimakasih ruang guru"
Rafka Gws (Rafka),1,2024-01-19 01:40:34,oarnag yang satang kes kolah maksa udah tepos
Setia Yesica,5,2024-01-18 22:10:04,pembahasannya mudah dipahami dan membuat saya semakin semangat belajar
Nania Chornalia,5,2024-01-18 14:26:06,karna apk nya membantu dan bagus bngettt......
MikkÃ¤ ĞœĞ¸ĞºĞºĞ°,5,2024-01-18 12:48:53,Mantap kak ğŸ‘ğŸ¿
Aqila H,5,2024-01-18 12:42:41,Bagus bangetğŸ‘ğŸ»ğŸ‘ğŸ»
Ayundha Septi Ramadhani,5,2024-01-18 12:23:19,Umar
Ermelinda Lala,5,2024-01-18 12:17:32,Sangat membantu sekali untuk anaÄ·2 kami.terima kasih
Sri Widani,2,2024-01-18 11:49:08,Seperti kebanyakan eror dan tidak jelas
Yasir Alsundawi Channel,5,2024-01-18 11:35:18,"Aplikasi ini sangat membantu ,dan bimbingan belajar yang sangat aplikatip dan efisien .serta cara belajar anak mudah paham ."
Winda Novia,5,2024-01-18 02:03:40,Aplikasi pembelajaran yang sangat membantu memberikan banyak pengetahuan
Reny Rahmawati,5,2024-01-18 00:43:15,berguna sekali untuk anak belajar terimakasih banyak untuk Ruangguru âœ¨ğŸ™
Handa Ina,5,2024-01-17 22:24:20,"Alhamdulillah.. aplikasi ini sangat membantu proses belajar,mudah di mengerti,para pengajarpun sangat terampil dalam menjelaskan,terima kasih ruang guru"
Rizky Agung Ramadhan,3,2024-01-17 19:06:07,"Saya sih netral aja atas ulasan aplikasi ruang guru ini, karena ada kelebihan dan kekurangannya"
Rivan Dermawan,5,2024-01-17 15:26:48,Mantap
Ridho Alliffiansah,5,2024-01-17 12:52:29,Saya menjadi lebih mudah untuk mencerna pelajaran
Grazellyne Aulyne,5,2024-01-17 12:00:20,"Pokoknya menurut aku,kalo mau belajar atau apapun tentang pendidikan mending di aplikasi ini aja woii,dulu aku pernah pake Ruangguru dari 2021 soalnyaaa betah bangett plss,gara gara Ruangguru nilai ku meningkat drastis,thank u so much Ruangguru! ğŸ˜µâ€ğŸ’«ğŸ«¶ğŸ»"
Andi Mallarangeng,5,2024-01-17 09:34:01,Andi tangsa
Tati Rahayu,5,2024-01-17 08:09:28,Aplikasinya sangat bagus
AGNES TRY AURELIA,5,2024-01-17 06:44:20,Saya suka aplikasi ini sangat membantu saya dalam belajar
Farah Amirah Z ã‚·,1,2024-01-17 03:17:59,"mohon maaf sebelumnya min. Waktu ngisi rasionalitas snbp, cuma ditinggal keluar bentar doang buat ngecek npsn sekolah di google malah ngulang dri awal pengisian, di tinggal ngecek sertifikat di album juga ngulang lgi dri awal, cuma masukkin foto rapot doang keluar (walau jarang), tpi tetep aja sih cape banged ngisinya :"")"
Zafer Ps,5,2024-01-16 13:53:21,platform belajar ter the best
Almira Cordelia,1,2024-01-16 12:54:19,ğŸ™„
Muhammad Zidny Nabil,5,2024-01-16 12:51:50,"Untuk fitur rasional SNBP udah sangat bagus, cuman saran saya saat mau mengganti data, datanya tetap ada agar tidak ribet lagi mengulang mengisi data raport, nilaiÂ² dan segala macam yang cukup banyak itu, karena yang ada ini datanya langsung keulang dari 0 tidak tetap begutu, itu saran saya semoga menjadi lebih baik lagi, terimakasih ğŸ™ğŸ»"
Ririn Wulandari,5,2024-01-16 07:08:15,Aplikasi ini keren banget... Sangat membantu anak saya dalam belajar.. Ga nyesel deh download ini..
YASR GAMING,5,2024-01-16 06:28:34,Bagus
Defri,5,2024-01-16 05:50:07,"Kenapa ya saat nonton video pembelajaran tidak dapat xp dan koin,tidak seperti pas tahun pertama pakai,padahal beli paket yang 2 tahun lebih,tolong lah perbaiki takut ada masalah di sistemnya"
Zaky Oktavian,5,2024-01-16 05:25:37,rekomen banget paketnya juga terjangkau untuk gap year
Indah grup SBS,5,2024-01-16 04:44:25,Sangat membantu untuk memecahkan soal yang belum paham
Winda Saumuru,5,2024-01-16 04:27:29,Bagus banget
agni n,5,2024-01-16 02:19:04,aplikasi ini sangat baik dan sangat mempermudah pelajar untuk belajar dimanapun. aplikasi ini juga sangat lengkap dalam pembahasannyaâ¤ï¸
Mursid Bwx,3,2024-01-16 01:36:07,Kak minta tolong kasih subtitle difidio pengajaran agar lebih mudah memahami terima kasih
ccaa syaa_,5,2024-01-15 22:37:41,sangat membantu anak dalam belajar
TheEggoBrando,5,2024-01-15 15:41:22,"Sangat worth it untuk berlanggananğŸ˜ğŸ‘ Untuk matematika, materinya sangat terperinci. Dari pengenalan konsep, pembuktian rumus (jika ada) dan penyampaian yang mudah dipahami, juga video pembelajaran-nya sangat bagus dan editing visualiasi materinya sangat bagus."
Naurahil Kuswoyo,5,2024-01-15 12:19:11,"Terimakasih kepada Allah SWT yang telah memberikan rezeki yang berlimpah sehingga saya dapat menemukan tempat les terbaik saat ini. Terimakasih kepada tim ruangguru atas segala kebijakan sistem pembelajarannya.. semoga selalu mempertahankan kualitas nya sebagai salah satu aplikasi bimbel terbaik se Indonesian.. salam,murid ruangguru"
Taufiq Hidayat,4,2024-01-15 11:47:09,Harus menunggu 1 bulan agar cashback dapat di ambil
Maria Wohen,5,2024-01-15 10:35:12,Terima kasih
Ahmad Thoher,5,2024-01-15 06:43:38,Keren
Fadila Yuniar,5,2024-01-15 04:33:33,Bagus banget aplikasinya sangkat membantu adik saya belajar.. sukses terus ruangguru
A2 Channel,5,2024-01-15 02:32:05,Aplikasi yang sangat bagus untuk belajar online. Sangat membantu dan sukses untuk ruang guru
Mul Nanda,5,2024-01-15 01:24:52,Ruang guru sangat membatu untuk kita semua. Sangat di rekomendandasikan untuk smua kalangan ya
Aquamen ZERO,1,2024-01-14 15:59:10,"ribet banget rasionalisasi nilai snbp ujung ujungnya malah ""Gagal Menyimpan data"" (EROR) APAAN BUANG BUANG WAKTU..!!!!"
sitinurmalia qoyum,5,2024-01-14 14:49:22,keren banget karena ruang guru saya jdi bertambah ilmu terima kasih ruang guru
Keyla Cahya,4,2024-01-14 14:30:45,Bagus sih bagus tapi ada satu kekurangan gak ada b.arab nya jadi mohon maaf ğŸ™ saya kasih bintang 4 dulu
Tika Andriani,5,2024-01-14 13:42:34,"Yg punya anak usia belajar bagus nih kalo mentok ga bisa ngajarin ya solusinya disini , bagus berkualitas dan sesuai kurikulum anakÂ² pas pula sesuai kelas mereka Jangan ragu kalo pilih kursus oke nih"
Meida Ningsih,5,2024-01-14 12:41:44,"Aplikasi sangat berguna dan bermanfaat buat para pelajar, materi mudah di pahami dan jelas, dan juga memudahkan bisa belajar kapanpun dimanapun.."
Septia Purwaningsih,5,2024-01-14 12:34:27,Aplikasi bener - bener bagus..anak anak jadi mudah paham dan ngerti tentang materinya. Yang lebih penting anak anak jadi tidak gampang bosan karena pakai video jadi ga melulu baca. Mantap deh ruangguru..
nur hafizzah,5,2024-01-14 12:28:55,Kak langganan ruang guru itu bayar nya bisa per bulan gak atau hanya bisa per semester
Ilham Akbar Hanafi,5,2024-01-14 12:05:06,Terimakasih kepada ruang guru
annet Bviarsani,5,2024-01-14 11:25:51,"Bagus,asik,bikin betah pokoknya"
FIFA Plus,5,2024-01-14 11:06:30,Ini aplikasi super komplit untuk belajar anaku yang masih sd
Eril Xyyz,5,2024-01-14 10:48:07,Puas
Isaac mes,1,2024-01-14 10:26:57,"saya beli di web untuk dapet diskon karena di apk ruang gurunya gk ada diskon setelah saya beli di web ruangguru ternyata gk masuk di apk sehingga saya tidak bisa masuk belajar di apk maupun di webya padahal sudah ada bukti pembelian riwayat di web tapi di apk tidak ada ,jadi saya rugi sekarang"
fajrin fauzan,5,2024-01-14 08:36:12,Mantap
achmad sutejo,5,2024-01-14 08:27:38,Aplikasi yang sangat membantu untuk orang tua dan memberikan pengalaman baru untuk putra saya dan pastinya saya juga dapat belajar dengan mudah untuk membantu putra saya mencapai prestasi
Iip Syaripudin,5,2024-01-14 07:11:38,Alhamdulillah masih ada aplikasi ini. Dulu waktu sekolah pakai ini. Banyak sekali membantu dalam proses belajar di sekolah. Sekarang diturunkan ke anak sendiri. Terima kasih sudah ada aplikasi ini. Sangat membantu untuk perkembangan belajar anak-anak saya.
Riri Andra,5,2024-01-14 06:32:28,"Aplikasinya bagus ,untuk membantu anak anak belajar ,terutama untuk mengerjakan PR"
Priagung Rahmanto,5,2024-01-14 05:44:34,"Aplikasi bagus, sangat membantu para pelajar"
Meike Wardoyo,5,2024-01-14 03:00:59,Ini cocok
finnu ari,5,2024-01-14 02:34:10,Good
Zay Sarabity,5,2024-01-13 20:39:05,Aplikasi yang memudahkan
MISHALL HAURA PRIYA TARIGAN,5,2024-01-13 12:49:24,game ini sangat bagusğŸ˜
azzuhra zzahra6,5,2024-01-13 11:23:54,Sangat membantu para pelajar seperti saya yang tidak bisa ikut bimbel secara langsung. Dengan berlangganan ruang guru saya bisa ikut bimbel secara online. Para tentornya juga sangat baik dan mudah dipahami saat menjelaskan
Ilham Kurniawan,5,2024-01-13 09:34:41,ğŸ‘
prihatino tino,5,2024-01-13 03:13:11,Menurutku ini aplikasi kursus dan workshop terbaik dan termudah. Kontennya sesuai kebutuhan industri saat ini
Dhani Adhari,5,2024-01-13 02:05:45,"Terimakasih ruangguru, karena sudah mengajarkan saya dan memotivasi sayağŸ‘ğŸ»ğŸ¥°"
Ika Wardika,5,2024-01-13 00:07:24,Sangat membantu untuk proses pembelajaran.
Resya Maulana,5,2024-01-12 14:44:00,Sangat berguna sekali aplikasi ini membantu untuk pendidikan anak sekarang untuk belajar sehari hari di rumah
Didik Prasetyo,5,2024-01-12 12:35:17,Bagus aplikasi ini buat anak pinter belajar
Yunik Yunik,5,2024-01-12 12:08:25,Sangat bagus dan bisa membantu anak untk belajar
Haikal Habibi,5,2024-01-12 10:44:04,"oke, tp menurutku latihan soal yg bagian â€pembahasanâ€ itu di aktifkan buat free account. kasian yg ga premium jd gatau pembahasan nyaa"
Zahra Niswatus syufa,3,2024-01-11 23:37:17,Ruang guru gk seru gk enak lah pokok nya gk ad pelajaran yg disampai kan sama sama pelajaran di sekolahğŸ‘ğŸ‘ğŸ‘ğŸ‘ğŸ‘
Lasma Umayah,3,2024-01-11 22:30:14,"Mohon maaf Sebelumnya, tolong di perbaharui dari drill soal karena yang keluar soalnya itu2 aja gak ada yang baru jadi, isiannya juga kurang menantang terutama pada pelajaran literasi bahasa Indonesia untuk UTBK, bukan hanya itu tapi di semua soal, untuk materinya ruangguru jagonya karena mudah di pahami"
john why,5,2024-01-11 16:04:36,"Terimakasih ruang guru, sangat membantu apabila kita tidak bisa menjawab soal tinggal tanya aja keruang guru. Salam siluksen"
RANDY RAHMAN AZAHARI,5,2024-01-11 11:19:37,bintang 5 untuk cabang galaxy
Salsabila Yuniar Al Wafa,2,2024-01-11 10:39:46,"loading trs yg fitur brain academy tatap muka nyaa, pdhal mau ngerjain tugas tapi loading terusÂ²an dan gabisa kebukaa... tolong diperbaiki kaa"
MUHAMAD Alif,2,2024-01-11 10:19:45,"Maaf saya memberi 2 bintang karena saya tidak bisa masuk dan login misal,saya mau masuk dan, terus saya mau login tiba-tiba kembali dengan sendirinya ,dan sudah saya coba berkali-kali tapi masih tetap saja , itu saja yang bisa saya sampaikan tolong di betulkan agar aplikasi ini lebih baik dan lebih bagus lagi dan saya doakan semoga aplikasi ini setelah di betulkan semoga aplikasi ini banyak ulasan yang lebih baik lagi am'in yaroballalamin ,ya cuma itu saja yang bisa saya sampaikan terimakasih"
Hanum Khaerani,5,2024-01-11 06:25:13,Bagus begetee
Agung Adwitiya,1,2024-01-11 05:55:18,hrus diskon 99% inii
Lezzta Diana,5,2024-01-11 05:40:53,Alhamdulilah bnyk bngt kemajuan buat anakku belajar.semenjak ada ruang guru.nilai anakki smakin meningkat.dri mulai pas smp klas 1..smpe skrng smk klas 2.alhamdulilah masih setia di ruang guru.krn memang bagus buat meningkatkan kinerja belajar anakku.
Gusti Junior,5,2024-01-11 04:39:07,Mantap
Muhammad Zainul Murod,1,2024-01-11 04:33:39,Ayo ke quipper
Vynss Gitss,1,2024-01-11 01:28:26,Ruang riung
Pes Bandung,3,2024-01-11 01:25:33,Ruang Riung
Naira Nabila,2,2024-01-10 22:51:50,Aplikasi ini tidak bisa dibuka coba di lihat dulu mungkin ada yg salah
Adnan Himawan,5,2024-01-10 16:14:36,wow aplikasi ini sangat bagus
